mapel,kehadiran,nilai_mapel,hasil_akhir
pai_10,95,83,lulus
pai_10,97,89,lulus
pai_10,80,80,recourse
pai_10,70,76,lulus
pai_10,92,82,lulus
pai_10,81,78,recourse
pai_10,78,63,recourse
pai_10,80,79,lulus
pai_10,78,82,recourse
pai_10,83,79,lulus
pai_10,90,78,lulus
pai_10,90,80,lulus
pai_10,90,84,lulus
pai_10,87,82,lulus
pai_10,88,77,lulus
pai_10,93,83,lulus
pai_10,80,77,lulus
pai_10,100,82,lulus
pai_10,82,83,lulus
pai_10,77,80,lulus
pai_10,93,90,lulus
pai_10,86,84,lulus
pai_10,93,84,lulus
pai_10,88,82,lulus
pai_10,98,89,lulus
pai_10,95,84,lulus
pai_10,95,83,lulus
pai_10,85,87,lulus
pai_10,90,60,lulus
pai_10,91,83,lulus
pai_10,100,89,lulus
pai_10,100,91,lulus
pai_10,96,83,lulus
pai_10,97,87,lulus
pai_10,78,76,recourse
pai_10,98,80,lulus
pai_10,90,88,lulus
pai_10,90,84,lulus
pai_10,75,79,recourse
pai_10,95,81,lulus
pai_10,95,86,lulus
pai_10,100,90,lulus
pai_10,100,89,lulus
pai_10,88,80,lulus
pai_10,78,84,lulus
pai_10,96,64,lulus
pai_10,95,85,lulus
pai_10,92,79,lulus
pai_10,94,89,lulus
pai_10,88,82,lulus
pai_10,100,88,lulus
pai_10,94,83,lulus
pai_10,100,90,lulus
pai_10,90,84,lulus
pai_10,100,93,lulus
pai_10,100,91,lulus
pai_10,100,82,lulus
pai_10,90,78,lulus
pai_10,87,83,lulus
pai_10,82,75,lulus
pai_10,80,82,lulus
pai_10,60,82,recourse
pai_10,90,87,lulus
pai_10,100,91,lulus
pai_10,90,82,lulus
pai_10,80,61,lulus
pai_10,82,70,recourse
pai_10,85,82,lulus
pai_10,84,80,lulus
pai_10,100,83,lulus
pai_10,100,84,lulus
pai_10,85,80,lulus
pai_10,100,88,lulus
pai_10,90,83,lulus
pai_10,90,77,lulus
pai_10,90,85,lulus
pai_10,70,76,lulus
pai_10,90,87,lulus
pai_10,96,83,lulus
pai_10,85,88,lulus
pai_10,85,87,recourse
pai_10,100,88,lulus
pai_10,90,78,recourse
pai_10,75,75,lulus
bahasa_10,95,84,lulus
bahasa_10,98,92,lulus
bahasa_10,83,79,recourse
bahasa_10,54,74,recourse
bahasa_10,100,84,lulus
bahasa_10,57,68,recourse
bahasa_10,83,71,recourse
bahasa_10,100,80,lulus
bahasa_10,80,82,recourse
bahasa_10,83,75,lulus
bahasa_10,100,85,lulus
bahasa_10,100,88,lulus
bahasa_10,100,92,lulus
bahasa_10,100,84,lulus
bahasa_10,90,80,lulus
bahasa_10,95,93,lulus
bahasa_10,98,81,lulus
bahasa_10,98,70,lulus
bahasa_10,65,71,recourse
bahasa_10,65,40,recourse
bahasa_10,97,92,lulus
bahasa_10,97,78,lulus
bahasa_10,100,84,lulus
bahasa_10,97,80,lulus
bahasa_10,97,96,lulus
bahasa_10,94,87,lulus
bahasa_10,94,94,lulus
bahasa_10,100,90,lulus
bahasa_10,100,89,lulus
bahasa_10,100,90,lulus
bahasa_10,100,94,lulus
bahasa_10,97,91,lulus
bahasa_10,97,87,lulus
bahasa_10,97,92,lulus
bahasa_10,47,79,recourse
bahasa_10,95,90,lulus
bahasa_10,100,90,lulus
bahasa_10,100,84,lulus
bahasa_10,59,60,recourse
bahasa_10,89,86,lulus
bahasa_10,98,92,lulus
bahasa_10,87,88,lulus
bahasa_10,100,81,lulus
bahasa_10,100,89,lulus
bahasa_10,95,78,lulus
bahasa_10,97,87,lulus
bahasa_10,100,89,lulus
bahasa_10,95,84,lulus
bahasa_10,97,90,lulus
bahasa_10,83,76,recourse
bahasa_10,100,95,lulus
bahasa_10,81,94,recourse
bahasa_10,100,96,lulus
bahasa_10,94,91,lulus
bahasa_10,97,97,lulus
bahasa_10,100,93,lulus
bahasa_10,97,78,lulus
bahasa_10,100,80,lulus
bahasa_10,100,85,lulus
bahasa_10,84,63,recourse
bahasa_10,100,80,recourse
bahasa_10,9,43,recourse
bahasa_10,100,89,lulus
bahasa_10,100,83,lulus
bahasa_10,53,63,recourse
bahasa_10,100,76,recourse
bahasa_10,75,86,lulus
bahasa_10,50,70,recourse
bahasa_10,95,85,lulus
bahasa_10,75,71,lulus
bahasa_10,98,89,lulus
bahasa_10,100,94,lulus
bahasa_10,77,85,lulus
bahasa_10,100,94,lulus
bahasa_10,98,85,lulus
bahasa_10,98,92,lulus
bahasa_10,50,85,recourse
bahasa_10,100,64,recourse
bahasa_10,93,87,lulus
bahasa_10,100,83,recourse
bahasa_10,100,83,lulus
bahasa_10,100,76,recourse
bahasa_10,100,91,lulus
bahasa_10,96,74,lulus
bahasa_10,96,64,lulus
math_10,78,38,lulus
math_10,100,90,lulus
math_10,100,52,lulus
math_10,44,36,recourse
math_10,94,72,lulus
math_10,61,50,recourse
math_10,89,23,lulus
math_10,100,68,lulus
math_10,61,50,lulus
math_10,83,55,recourse
math_10,94,55,lulus
math_10,100,87,lulus
math_10,94,59,lulus
math_10,100,44,lulus
math_10,67,32,recourse
math_10,72,87,lulus
math_10,83,47,lulus
math_10,100,47,lulus
math_10,94,59,lulus
math_10,50,27,recourse
math_10,94,77,lulus
math_10,83,61,lulus
math_10,78,50,lulus
math_10,72,71,lulus
math_10,100,75,lulus
math_10,100,81,lulus
math_10,100,66,lulus
math_10,92,72,lulus
math_10,97,44,lulus
math_10,100,97,lulus
math_10,95,72,lulus
math_10,100,75,lulus
math_10,100,84,lulus
math_10,92,70,lulus
math_10,23,55,lulus
math_10,100,75,lulus
math_10,100,85,lulus
math_10,77,80,lulus
math_10,77,42,lulus
math_10,85,75,lulus
math_10,100,69,lulus
math_10,100,56,lulus
math_10,92,67,lulus
math_10,100,75,lulus
math_10,31,66,lulus
math_10,97,90,lulus
math_10,100,90,lulus
math_10,100,67,lulus
math_10,100,74,lulus
math_10,92,92,lulus
math_10,90,100,lulus
math_10,59,35,lulus
math_10,92,67,lulus
math_10,100,92,lulus
math_10,90,97,lulus
math_10,100,65,lulus
math_10,92,85,lulus
math_10,100,31,lulus
math_10,100,61,lulus
math_10,33,15,recourse
math_10,67,50,lulus
math_10,100,77,lulus
math_10,100,72,lulus
math_10,80,75,lulus
math_10,87,57,recourse
math_10,77,46,lulus
math_10,60,70,recourse
math_10,93,66,lulus
math_10,87,27,recourse
sejarah_indonesia_10,73,87,lulus
sejarah_indonesia_10,82,96,lulus
sejarah_indonesia_10,82,86,lulus
sejarah_indonesia_10,45,72,recourse
sejarah_indonesia_10,73,79,lulus
sejarah_indonesia_10,55,72,recourse
sejarah_indonesia_10,73,80,lulus
sejarah_indonesia_10,73,79,lulus
sejarah_indonesia_10,55,80,recourse
sejarah_indonesia_10,73,77,lulus
sejarah_indonesia_10,91,81,lulus
sejarah_indonesia_10,82,80,lulus
sejarah_indonesia_10,91,88,lulus
sejarah_indonesia_10,100,82,lulus
sejarah_indonesia_10,73,83,lulus
sejarah_indonesia_10,73,80,lulus
sejarah_indonesia_10,91,77,lulus
sejarah_indonesia_10,91,83,lulus
sejarah_indonesia_10,55,80,lulus
sejarah_indonesia_10,55,62,recourse
sejarah_indonesia_10,73,96,lulus
sejarah_indonesia_10,91,85,lulus
sejarah_indonesia_10,82,80,lulus
sejarah_indonesia_10,62,84,lulus
sejarah_indonesia_10,85,94,lulus
sejarah_indonesia_10,100,94,lulus
sejarah_indonesia_10,100,91,lulus
sejarah_indonesia_10,100,91,lulus
sejarah_indonesia_10,85,77,lulus
sejarah_indonesia_10,92,92,lulus
sejarah_indonesia_10,92,92,lulus
sejarah_indonesia_10,100,94,lulus
sejarah_indonesia_10,85,88,lulus
sejarah_indonesia_10,92,90,lulus
sejarah_indonesia_10,62,77,recourse
sejarah_indonesia_10,92,93,lulus
sejarah_indonesia_10,92,92,lulus
sejarah_indonesia_10,62,78,lulus
sejarah_indonesia_10,54,79,recourse
sejarah_indonesia_10,100,83,lulus
sejarah_indonesia_10,92,92,lulus
sejarah_indonesia_10,100,92,lulus
sejarah_indonesia_10,100,84,lulus
sejarah_indonesia_10,100,78,lulus
sejarah_indonesia_10,69,79,lulus
sejarah_indonesia_10,85,85,lulus
sejarah_indonesia_10,92,93,lulus
sejarah_indonesia_10,100,89,lulus
sejarah_indonesia_10,92,78,lulus
sejarah_indonesia_10,92,76,lulus
sejarah_indonesia_10,85,89,lulus
sejarah_indonesia_10,85,87,lulus
sejarah_indonesia_10,92,91,lulus
sejarah_indonesia_10,100,86,lulus
sejarah_indonesia_10,100,94,lulus
sejarah_indonesia_10,100,88,lulus
sejarah_indonesia_10,77,76,lulus
sejarah_indonesia_10,100,77,lulus
sejarah_indonesia_10,80,82,lulus
sejarah_indonesia_10,80,77,lulus
sejarah_indonesia_10,100,77,lulus
sejarah_indonesia_10,10,36,recourse
sejarah_indonesia_10,100,93,lulus
sejarah_indonesia_10,100,97,lulus
sejarah_indonesia_10,90,69,lulus
sejarah_indonesia_10,90,82,lulus
sejarah_indonesia_10,80,80,lulus
sejarah_indonesia_10,60,80,recourse
sejarah_indonesia_10,80,80,lulus
sejarah_indonesia_10,90,78,lulus
sejarah_indonesia_10,85,80,lulus
sejarah_indonesia_10,92,87,lulus
sejarah_indonesia_10,69,78,lulus
sejarah_indonesia_10,92,95,lulus
sejarah_indonesia_10,92,80,lulus
sejarah_indonesia_10,77,80,lulus
sejarah_indonesia_10,69,78,lulus
sejarah_indonesia_10,23,57,recourse
sejarah_indonesia_10,85,78,lulus
sejarah_indonesia_10,69,82,lulus
sejarah_indonesia_10,92,90,lulus
sejarah_indonesia_10,100,85,recourse
sejarah_indonesia_10,100,86,lulus
sejarah_indonesia_10,85,77,lulus
sejarah_indonesia_10,69,77,lulus
bahasa_inggris_10,46,49,recourse
bahasa_inggris_10,100,85,lulus
bahasa_inggris_10,50,80,recourse
bahasa_inggris_10,62,42,recourse
bahasa_inggris_10,62,84,lulus
bahasa_inggris_10,23,42,recourse
bahasa_inggris_10,46,63,recourse
bahasa_inggris_10,77,49,recourse
bahasa_inggris_10,70,65,recourse
bahasa_inggris_10,77,46,recourse
bahasa_inggris_10,100,63,recourse
bahasa_inggris_10,100,85,lulus
bahasa_inggris_10,92,78,lulus
bahasa_inggris_10,100,68,lulus
bahasa_inggris_10,90,45,recourse
bahasa_inggris_10,95,56,lulus
bahasa_inggris_10,85,52,recourse
bahasa_inggris_10,85,67,lulus
bahasa_inggris_10,69,47,recourse
bahasa_inggris_10,46,36,recourse
bahasa_inggris_10,100,83,lulus
bahasa_inggris_10,100,41,recourse
bahasa_inggris_10,100,62,lulus
bahasa_inggris_10,62,68,recourse
bahasa_inggris_10,92,84,lulus
bahasa_inggris_10,92,78,lulus
bahasa_inggris_10,100,69,lulus
bahasa_inggris_10,92,60,recourse
bahasa_inggris_10,85,80,lulus
bahasa_inggris_10,92,92,lulus
bahasa_inggris_10,85,83,lulus
bahasa_inggris_10,100,89,lulus
bahasa_inggris_10,92,70,lulus
bahasa_inggris_10,85,80,lulus
bahasa_inggris_10,15,59,recourse
bahasa_inggris_10,85,91,lulus
bahasa_inggris_10,92,65,lulus
bahasa_inggris_10,62,88,lulus
bahasa_inggris_10,62,36,recourse
bahasa_inggris_10,77,76,lulus
bahasa_inggris_10,92,77,lulus
bahasa_inggris_10,92,70,recourse
bahasa_inggris_10,92,77,lulus
bahasa_inggris_10,92,77,lulus
bahasa_inggris_10,70,72,recourse
bahasa_inggris_10,69,81,lulus
bahasa_inggris_10,92,84,lulus
bahasa_inggris_10,92,48,recourse
bahasa_inggris_10,69,83,recourse
bahasa_inggris_10,85,37,recourse
bahasa_inggris_10,92,90,lulus
bahasa_inggris_10,80,73,recourse
bahasa_inggris_10,100,62,lulus
bahasa_inggris_10,100,85,lulus
bahasa_inggris_10,100,88,lulus
bahasa_inggris_10,100,78,lulus
bahasa_inggris_10,92,69,lulus
bahasa_inggris_10,100,64,lulus
bahasa_inggris_10,90,83,lulus
bahasa_inggris_10,100,11,recourse
bahasa_inggris_10,88,78,lulus
bahasa_inggris_10,0,22,recourse
bahasa_inggris_10,100,89,lulus
bahasa_inggris_10,100,91,lulus
bahasa_inggris_10,100,62,lulus
bahasa_inggris_10,80,62,recourse
bahasa_inggris_10,100,59,lulus
bahasa_inggris_10,72,50,recourse
bahasa_inggris_10,100,55,lulus
bahasa_inggris_10,85,31,recourse
bahasa_inggris_10,85,85,lulus
bahasa_inggris_10,100,82,lulus
bahasa_inggris_10,100,63,lulus
bahasa_inggris_10,100,92,lulus
bahasa_inggris_10,69,78,lulus
bahasa_inggris_10,92,84,lulus
bahasa_inggris_10,85,64,recourse
bahasa_inggris_10,60,20,recourse
bahasa_inggris_10,100,68,lulus
bahasa_inggris_10,92,75,recourse
bahasa_inggris_10,100,79,lulus
bahasa_inggris_10,85,72,recourse
bahasa_inggris_10,100,53,lulus
bahasa_inggris_10,100,44,recourse
bahasa_inggris_10,31,27,recourse
tik_10,40,86,lulus
tik_10,75,93,lulus
tik_10,75,87,lulus
tik_10,42,83,lulus
tik_10,75,90,lulus
tik_10,75,76,lulus
tik_10,40,83,lulus
tik_10,70,91,lulus
tik_10,75,83,lulus
tik_10,75,22,recourse
tik_10,50,83,lulus
tik_10,100,98,lulus
tik_10,100,93,lulus
tik_10,100,90,lulus
tik_10,42,84,lulus
tik_10,100,91,lulus
tik_10,80,80,lulus
tik_10,75,79,lulus
tik_10,75,80,lulus
tik_10,40,51,recourse
tik_10,70,91,lulus
tik_10,40,93,lulus
tik_10,75,81,lulus
tik_10,33,82,lulus
tik_10,100,50,recourse
tik_10,50,89,lulus
tik_10,50,73,recourse
tik_10,50,83,lulus
tik_10,100,84,lulus
tik_10,100,91,lulus
tik_10,50,90,lulus
tik_10,100,98,lulus
tik_10,100,81,lulus
tik_10,50,93,lulus
tik_10,33,79,lulus
tik_10,100,88,lulus
tik_10,50,68,recourse
tik_10,100,82,lulus
tik_10,0,48,recourse
tik_10,50,81,lulus
tik_10,100,82,lulus
tik_10,100,93,lulus
tik_10,50,85,lulus
tik_10,100,45,recourse
tik_10,50,77,lulus
tik_10,100,93,lulus
tik_10,100,50,recourse
tik_10,50,84,lulus
tik_10,100,96,lulus
tik_10,100,72,recourse
tik_10,100,93,lulus
tik_10,50,96,lulus
tik_10,100,87,lulus
tik_10,100,89,lulus
tik_10,100,89,lulus
tik_10,100,89,lulus
tik_10,100,77,lulus
tik_10,67,76,lulus
tik_10,90,93,lulus
tik_10,67,69,recourse
tik_10,33,87,lulus
tik_10,33,64,recourse
tik_10,67,94,lulus
tik_10,80,96,lulus
tik_10,100,72,recourse
tik_10,100,82,lulus
tik_10,67,88,lulus
tik_10,33,84,lulus
tik_10,33,84,lulus
tik_10,67,38,recourse
tik_10,67,66,recourse
tik_10,67,84,lulus
tik_10,33,84,lulus
tik_10,100,94,lulus
tik_10,100,92,lulus
tik_10,100,89,lulus
tik_10,100,78,lulus
tik_10,33,48,recourse
tik_10,100,50,recourse
tik_10,33,76,lulus
tik_10,67,77,lulus
tik_10,67,78,lulus
tik_10,67,69,recourse
tik_10,67,71,recourse
tik_10,40,56,recourse
chemistry_10,79,62,recourse
chemistry_10,93,91,lulus
chemistry_10,93,71,recourse
chemistry_10,79,53,recourse
chemistry_10,93,87,lulus
chemistry_10,50,47,recourse
chemistry_10,79,50,recourse
chemistry_10,93,68,recourse
chemistry_10,43,54,recourse
chemistry_10,79,50,recourse
chemistry_10,93,59,recourse
chemistry_10,100,73,lulus
chemistry_10,100,83,lulus
chemistry_10,93,63,lulus
chemistry_10,86,32,recourse
chemistry_10,89,68,recourse
chemistry_10,79,42,recourse
chemistry_10,71,47,recourse
chemistry_10,50,71,recourse
chemistry_10,43,35,recourse
chemistry_10,93,80,lulus
chemistry_10,71,74,recourse
chemistry_10,86,52,recourse
chemistry_10,86,66,recourse
chemistry_10,100,89,lulus
chemistry_10,100,67,lulus
chemistry_10,100,67,lulus
chemistry_10,93,70,lulus
chemistry_10,100,56,lulus
chemistry_10,100,95,lulus
chemistry_10,100,89,lulus
chemistry_10,100,81,lulus
chemistry_10,100,64,lulus
chemistry_10,100,80,lulus
chemistry_10,36,45,recourse
chemistry_10,93,85,lulus
chemistry_10,100,65,recourse
chemistry_10,100,52,recourse
chemistry_10,50,40,recourse
chemistry_10,100,72,lulus
chemistry_10,100,74,lulus
chemistry_10,100,78,lulus
chemistry_10,100,70,lulus
chemistry_10,100,58,recourse
chemistry_10,71,50,recourse
chemistry_10,93,74,lulus
chemistry_10,100,80,lulus
chemistry_10,100,75,recourse
chemistry_10,100,72,lulus
chemistry_10,86,57,recourse
chemistry_10,100,86,lulus
chemistry_10,93,84,recourse
chemistry_10,93,85,lulus
chemistry_10,100,74,lulus
chemistry_10,100,91,lulus
chemistry_10,100,69,lulus
chemistry_10,100,64,recourse
pai_11,91,92,lulus
pai_11,89,88,lulus
pai_11,83,88,lulus
pai_11,83,99,lulus
pai_11,100,92,lulus
pai_11,22,81,recourse
pai_11,11,81,recourse
pai_11,78,87,lulus
pai_11,80,75,lulus
pai_11,100,88,lulus
pai_11,56,96,lulus
pai_11,80,82,lulus
pai_11,90,98,lulus
pai_11,70,75,recourse
pai_11,80,92,lulus
pai_11,60,76,recourse
pai_11,100,90,lulus
pai_11,89,92,lulus
pai_11,100,94,lulus
pai_11,67,95,lulus
pai_11,100,94,lulus
pai_11,100,84,lulus
pai_11,78,88,lulus
pai_11,78,98,lulus
pai_11,89,98,lulus
pai_11,70,81,lulus
pai_11,100,90,lulus
pai_11,40,99,lulus
pai_11,40,91,lulus
pai_11,90,90,lulus
pai_11,100,100,lulus
pai_11,90,90,lulus
pai_11,89,92,lulus
pai_11,50,76,recourse
pai_11,100,87,lulus
pai_11,0,56,recourse
pai_11,100,90,lulus
pai_11,20,57,recourse
pai_11,100,91,lulus
pai_11,100,84,lulus
pai_11,90,78,lulus
pai_11,87,74,lulus
pai_11,76,71,lulus
pai_11,84,76,lulus
pai_11,68,79,lulus
pai_11,87,81,lulus
pai_11,80,80,lulus
pai_11,67,68,recourse
pai_11,80,74,lulus
pai_11,100,81,lulus
pai_11,80,83,recourse
pai_11,80,77,recourse
pai_11,80,81,lulus
pai_11,20,45,recourse
pai_11,93,83,lulus
pai_11,100,90,lulus
pai_11,84,79,recourse
pai_11,78,80,recourse
pai_11,88,78,lulus
pai_11,88,81,lulus
pai_11,83,67,lulus
pai_11,90,80,lulus
pai_11,90,75,lulus
pai_11,80,74,lulus
pai_11,100,88,lulus
pai_11,88,77,lulus
pai_11,100,87,lulus
pai_11,81,77,lulus
pai_11,92,80,lulus
bahasa_11,91,85,lulus
bahasa_11,89,84,lulus
bahasa_11,83,85,lulus
bahasa_11,83,87,lulus
bahasa_11,100,85,lulus
bahasa_11,22,62,recourse
bahasa_11,11,63,recourse
bahasa_11,78,81,lulus
bahasa_11,80,72,recourse
bahasa_11,100,80,lulus
bahasa_11,56,78,recourse
bahasa_11,80,81,lulus
bahasa_11,90,75,lulus
bahasa_11,70,66,recourse
bahasa_11,80,85,lulus
bahasa_11,60,79,recourse
bahasa_11,100,85,lulus
bahasa_11,89,93,lulus
bahasa_11,100,87,lulus
bahasa_11,67,86,lulus
bahasa_11,100,87,lulus
bahasa_11,100,86,lulus
bahasa_11,78,86,recourse
bahasa_11,78,85,lulus
bahasa_11,89,89,lulus
bahasa_11,70,79,lulus
bahasa_11,100,84,lulus
bahasa_11,40,85,recourse
bahasa_11,40,77,recourse
bahasa_11,90,92,lulus
bahasa_11,100,86,lulus
bahasa_11,90,87,lulus
bahasa_11,89,85,recourse
bahasa_11,50,80,recourse
bahasa_11,100,88,lulus
bahasa_11,0,60,recourse
bahasa_11,100,76,lulus
bahasa_11,67,82,recourse
bahasa_11,100,89,lulus
bahasa_11,56,80,recourse
bahasa_11,56,80,recourse
bahasa_11,60,81,recourse
bahasa_11,44,67,recourse
bahasa_11,67,77,recourse
bahasa_11,90,90,recourse
bahasa_11,30,85,recourse
bahasa_11,20,85,recourse
bahasa_11,25,58,recourse
bahasa_11,20,50,recourse
bahasa_11,100,83,lulus
bahasa_11,44,67,recourse
bahasa_11,100,84,recourse
bahasa_11,67,79,lulus
bahasa_11,22,40,recourse
bahasa_11,70,84,recourse
bahasa_11,100,89,lulus
bahasa_11,22,75,recourse
bahasa_11,67,57,recourse
bahasa_11,80,81,lulus
bahasa_11,100,85,lulus
bahasa_11,80,73,recourse
bahasa_11,80,87,recourse
bahasa_11,60,82,recourse
bahasa_11,80,70,recourse
bahasa_11,100,79,recourse
bahasa_11,60,80,recourse
bahasa_11,70,84,lulus
bahasa_11,40,76,recourse
bahasa_11,90,82,lulus
math_11,100,91,lulus
math_11,93,71,lulus
math_11,100,76,lulus
math_11,100,66,lulus
math_11,100,88,lulus
math_11,100,81,lulus
math_11,50,35,recourse
math_11,100,32,recourse
math_11,100,89,lulus
math_11,100,67,recourse
math_11,100,86,lulus
math_11,96,66,recourse
math_11,100,98,lulus
math_11,82,66,recourse
math_11,100,81,lulus
math_11,100,23,recourse
math_11,100,89,lulus
math_11,100,95,lulus
math_11,100,66,lulus
math_11,100,88,lulus
math_11,100,87,lulus
math_11,100,90,lulus
math_11,100,92,lulus
math_11,88,83,lulus
math_11,100,83,lulus
math_11,62,60,recourse
math_11,100,82,lulus
math_11,73,65,recourse
math_11,58,70,recourse
math_11,58,0,recourse
math_11,100,88,lulus
math_11,100,78,lulus
math_11,100,92,lulus
math_11,69,87,lulus
math_11,100,77,lulus
math_11,100,81,lulus
math_11,31,28,recourse
math_11,100,68,lulus
math_11,92,36,recourse
math_11,100,79,lulus
math_11,100,56,recourse
math_11,92,6,recourse
math_11,88,66,recourse
math_11,100,50,recourse
math_11,100,41,recourse
math_11,58,76,recourse
math_11,35,81,recourse
math_11,58,25,recourse
math_11,46,26,recourse
math_11,42,17,recourse
math_11,100,76,lulus
math_11,100,77,recourse
math_11,100,20,recourse
math_11,100,76,lulus
math_11,0,17,recourse
math_11,100,81,lulus
math_11,100,88,lulus
math_11,21,48,recourse
math_11,86,28,recourse
math_11,64,22,recourse
math_11,100,81,lulus
math_11,79,21,recourse
math_11,100,81,lulus
math_11,86,51,recourse
math_11,86,24,recourse
math_11,100,90,lulus
math_11,100,77,lulus
math_11,93,81,lulus
math_11,100,18,recourse
math_11,100,81,lulus
sejarah_indonesia_11,100,81,lulus
sejarah_indonesia_11,92,88,lulus
sejarah_indonesia_11,92,78,lulus
sejarah_indonesia_11,100,86,lulus
sejarah_indonesia_11,83,89,lulus
sejarah_indonesia_11,83,80,recourse
sejarah_indonesia_11,42,71,recourse
sejarah_indonesia_11,83,82,lulus
sejarah_indonesia_11,0,0,recourse
sejarah_indonesia_11,100,82,lulus
sejarah_indonesia_11,58,83,lulus
sejarah_indonesia_11,75,78,lulus
sejarah_indonesia_11,75,83,lulus
sejarah_indonesia_11,75,90,lulus
sejarah_indonesia_11,58,80,lulus
sejarah_indonesia_11,92,91,lulus
sejarah_indonesia_11,58,78,recourse
sejarah_indonesia_11,80,88,lulus
sejarah_indonesia_11,90,89,lulus
sejarah_indonesia_11,60,83,lulus
sejarah_indonesia_11,60,83,lulus
sejarah_indonesia_11,100,83,lulus
sejarah_indonesia_11,80,83,lulus
sejarah_indonesia_11,80,87,lulus
sejarah_indonesia_11,60,84,lulus
sejarah_indonesia_11,60,88,lulus
sejarah_indonesia_11,60,79,lulus
sejarah_indonesia_11,90,87,lulus
sejarah_indonesia_11,60,79,lulus
sejarah_indonesia_11,60,79,lulus
sejarah_indonesia_11,60,85,lulus
sejarah_indonesia_11,80,86,lulus
sejarah_indonesia_11,50,87,lulus
sejarah_indonesia_11,60,85,lulus
sejarah_indonesia_11,80,78,lulus
sejarah_indonesia_11,50,86,lulus
sejarah_indonesia_11,60,79,lulus
sejarah_indonesia_11,83,86,lulus
sejarah_indonesia_11,67,79,lulus
sejarah_indonesia_11,92,91,lulus
sejarah_indonesia_11,67,91,lulus
sejarah_indonesia_11,67,82,lulus
sejarah_indonesia_11,67,79,lulus
sejarah_indonesia_11,67,79,lulus
sejarah_indonesia_11,67,81,lulus
sejarah_indonesia_11,67,83,lulus
sejarah_indonesia_11,67,82,lulus
sejarah_indonesia_11,17,84,recourse
sejarah_indonesia_11,25,63,recourse
sejarah_indonesia_11,67,79,lulus
sejarah_indonesia_11,92,85,lulus
sejarah_indonesia_11,60,80,recourse
sejarah_indonesia_11,70,78,lulus
sejarah_indonesia_11,60,81,recourse
sejarah_indonesia_11,20,62,recourse
sejarah_indonesia_11,80,86,lulus
sejarah_indonesia_11,70,83,lulus
sejarah_indonesia_11,60,83,lulus
sejarah_indonesia_11,60,79,lulus
sejarah_indonesia_11,60,82,lulus
sejarah_indonesia_11,60,81,recourse
sejarah_indonesia_11,60,78,recourse
sejarah_indonesia_11,80,81,lulus
sejarah_indonesia_11,60,85,lulus
sejarah_indonesia_11,10,72,recourse
sejarah_indonesia_11,80,79,lulus
sejarah_indonesia_11,70,79,lulus
sejarah_indonesia_11,80,86,lulus
sejarah_indonesia_11,70,78,lulus
sejarah_indonesia_11,70,80,lulus
bahasa_inggris_11,82,80,lulus
bahasa_inggris_11,79,90,lulus
bahasa_inggris_11,80,82,lulus
bahasa_inggris_11,56,76,recourse
bahasa_inggris_11,79,77,lulus
bahasa_inggris_11,38,70,recourse
bahasa_inggris_11,52,75,recourse
bahasa_inggris_11,80,76,lulus
bahasa_inggris_11,54,67,recourse
bahasa_inggris_11,80,85,lulus
bahasa_inggris_11,78,82,lulus
bahasa_inggris_11,54,54,recourse
bahasa_inggris_11,82,83,lulus
bahasa_inggris_11,64,75,recourse
bahasa_inggris_11,79,87,lulus
bahasa_inggris_11,33,48,recourse
bahasa_inggris_11,67,64,recourse
bahasa_inggris_11,81,83,lulus
bahasa_inggris_11,65,52,recourse
bahasa_inggris_11,78,84,lulus
bahasa_inggris_11,79,74,lulus
bahasa_inggris_11,78,70,lulus
bahasa_inggris_11,77,72,recourse
bahasa_inggris_11,69,65,recourse
bahasa_inggris_11,77,68,recourse
bahasa_inggris_11,52,64,recourse
bahasa_inggris_11,81,79,lulus
bahasa_inggris_11,63,59,recourse
bahasa_inggris_11,33,70,recourse
bahasa_inggris_11,70,80,recourse
bahasa_inggris_11,69,70,recourse
bahasa_inggris_11,88,86,lulus
bahasa_inggris_11,57,87,recourse
bahasa_inggris_11,32,70,recourse
bahasa_inggris_11,79,80,lulus
bahasa_inggris_11,20,46,recourse
bahasa_inggris_11,79,72,lulus
bahasa_inggris_11,27,33,recourse
bahasa_inggris_11,82,82,lulus
bahasa_inggris_11,58,70,recourse
bahasa_inggris_11,37,39,recourse
bahasa_inggris_11,48,79,recourse
bahasa_inggris_11,49,71,recourse
bahasa_inggris_11,77,80,recourse
bahasa_inggris_11,48,83,recourse
bahasa_inggris_11,49,69,recourse
bahasa_inggris_11,40,82,recourse
bahasa_inggris_11,25,48,recourse
bahasa_inggris_11,14,20,recourse
bahasa_inggris_11,80,82,lulus
bahasa_inggris_11,13,22,recourse
bahasa_inggris_11,47,67,recourse
bahasa_inggris_11,77,84,recourse
bahasa_inggris_11,11,27,recourse
bahasa_inggris_11,57,79,recourse
bahasa_inggris_11,82,80,lulus
bahasa_inggris_11,24,51,recourse
bahasa_inggris_11,45,32,recourse
bahasa_inggris_11,38,35,recourse
bahasa_inggris_11,79,77,lulus
bahasa_inggris_11,53,73,recourse
bahasa_inggris_11,78,80,lulus
bahasa_inggris_11,53,61,recourse
bahasa_inggris_11,75,77,recourse
bahasa_inggris_11,63,77,recourse
bahasa_inggris_11,65,78,recourse
bahasa_inggris_11,79,79,lulus
bahasa_inggris_11,24,36,recourse
bahasa_inggris_11,61,79,recourse
biologi_11,100,81,lulus
biologi_11,100,96,lulus
biologi_11,100,83,lulus
biologi_11,87,86,lulus
biologi_11,100,86,lulus
biologi_11,43,48,recourse
biologi_11,93,74,recourse
biologi_11,100,94,lulus
biologi_11,87,57,lulus
biologi_11,100,88,lulus
biologi_11,87,88,lulus
biologi_11,100,84,lulus
biologi_11,100,92,lulus
biologi_11,73,69,lulus
biologi_11,100,87,lulus
biologi_11,93,71,recourse
biologi_11,93,84,lulus
biologi_11,100,96,lulus
biologi_11,87,73,lulus
biologi_11,100,94,lulus
biologi_11,100,82,lulus
biologi_11,80,89,lulus
biologi_11,80,85,lulus
biologi_11,60,89,lulus
biologi_11,100,89,lulus
biologi_11,70,70,lulus
biologi_11,100,91,lulus
biologi_11,60,73,lulus
biologi_11,80,77,lulus
biologi_11,87,93,lulus
biologi_11,100,89,lulus
biologi_11,100,94,lulus
biologi_11,60,94,lulus
biologi_11,60,72,lulus
biologi_11,100,88,lulus
fisika_11,96,81,lulus
fisika_11,97,79,lulus
fisika_11,89,75,lulus
fisika_11,95,67,lulus
fisika_11,92,79,lulus
fisika_11,34,67,recourse
fisika_11,32,53,recourse
fisika_11,98,80,lulus
fisika_11,89,57,lulus
fisika_11,93,81,lulus
fisika_11,91,65,lulus
fisika_11,89,79,lulus
fisika_11,97,80,lulus
fisika_11,74,75,lulus
fisika_11,92,76,lulus
fisika_11,51,50,recourse
fisika_11,98,77,lulus
fisika_11,97,81,lulus
fisika_11,97,73,lulus
fisika_11,98,81,lulus
fisika_11,97,71,lulus
fisika_11,98,77,lulus
fisika_11,88,79,lulus
fisika_11,85,78,lulus
fisika_11,96,79,lulus
fisika_11,25,70,recourse
fisika_11,94,80,lulus
fisika_11,40,70,recourse
fisika_11,50,66,recourse
fisika_11,97,83,lulus
fisika_11,95,75,lulus
fisika_11,97,82,lulus
fisika_11,97,82,lulus
fisika_11,81,64,lulus
fisika_11,99,76,lulus
geografi_11,29,30,recourse
geografi_11,100,83,lulus
geografi_11,82,74,recourse
geografi_11,100,84,lulus
geografi_11,76,84,lulus
geografi_11,82,72,lulus
geografi_11,76,79,lulus
geografi_11,47,79,recourse
geografi_11,71,73,recourse
geografi_11,82,70,lulus
geografi_11,76,83,recourse
geografi_11,35,68,recourse
geografi_11,53,34,recourse
geografi_11,76,60,recourse
geografi_11,94,86,lulus
geografi_11,85,70,lulus
geografi_11,75,87,lulus
geografi_11,82,85,lulus
geografi_11,25,13,recourse
geografi_11,85,83,lulus
geografi_11,85,89,lulus
geografi_11,38,76,recourse
geografi_11,50,62,recourse
geografi_11,88,71,lulus
geografi_11,100,82,lulus
geografi_11,50,72,recourse
geografi_11,82,77,lulus
geografi_11,88,80,lulus
geografi_11,50,61,recourse
geografi_11,94,76,lulus
geografi_11,75,88,lulus
geografi_11,88,84,lulus
geografi_11,44,62,recourse
geografi_11,75,82,lulus