semester,kelas,mapel,kehadiran,nilai_mapel,hasil_akhir
ganjil,10,pai,100,91,lulus
ganjil,10,pai,100,95,lulus
ganjil,10,pai,100,78,recourse
ganjil,10,pai,80,73,lulus
ganjil,10,pai,100,80,lulus
ganjil,10,pai,20,78,recourse
ganjil,10,pai,100,78,recourse
ganjil,10,pai,90,83,recourse
ganjil,10,pai,50,68,recourse
ganjil,10,pai,90,77,lulus
ganjil,10,pai,100,79,lulus
ganjil,10,pai,95,89,lulus
ganjil,10,pai,95,81,lulus
ganjil,10,pai,100,74,lulus
ganjil,10,pai,95,81,recourse
ganjil,10,pai,95,75,lulus
ganjil,10,pai,100,83,lulus
ganjil,10,pai,85,73,lulus
ganjil,10,pai,100,74,lulus
ganjil,10,pai,100,92,lulus
ganjil,10,pai,100,82,lulus
ganjil,10,pai,95,85,lulus
ganjil,10,pai,95,86,lulus
ganjil,10,pai,90,90,lulus
ganjil,10,pai,95,88,lulus
ganjil,10,pai,70,81,lulus
ganjil,10,pai,90,80,lulus
ganjil,10,pai,95,80,lulus
ganjil,10,pai,95,96,lulus
ganjil,10,pai,95,86,lulus
ganjil,10,pai,95,91,lulus
ganjil,10,pai,95,76,lulus
ganjil,10,pai,95,73,lulus
ganjil,10,pai,70,82,recourse
ganjil,10,pai,95,89,lulus
ganjil,10,pai,82,83,lulus
ganjil,10,pai,95,84,lulus
ganjil,10,pai,78,73,lulus
ganjil,10,pai,95,71,lulus
ganjil,10,pai,96,73,lulus
ganjil,10,pai,95,85,lulus
ganjil,10,pai,98,90,lulus
ganjil,10,pai,90,86,lulus
ganjil,10,pai,46,84,recourse
ganjil,10,pai,90,83,lulus
ganjil,10,pai,95,93,lulus
ganjil,10,pai,86,78,lulus
ganjil,10,pai,90,84,lulus
ganjil,10,pai,95,76,lulus
ganjil,10,pai,82,90,lulus
ganjil,10,pai,95,79,lulus
ganjil,10,pai,69,81,lulus
ganjil,10,pai,95,86,lulus
ganjil,10,pai,95,94,lulus
ganjil,10,pai,98,88,lulus
ganjil,10,pai,95,80,lulus
ganjil,10,pai,100,81,lulus
ganjil,10,pai,90,84,lulus
ganjil,10,pai,95,90,lulus
ganjil,10,pai,20,80,recourse
ganjil,10,pai,100,82,lulus
ganjil,10,pai,100,89,lulus
ganjil,10,pai,95,89,lulus
ganjil,10,pai,100,83,lulus
ganjil,10,pai,90,70,lulus
ganjil,10,pai,90,66,recourse
ganjil,10,pai,100,76,lulus
ganjil,10,pai,100,78,lulus
ganjil,10,pai,100,81,lulus
ganjil,10,pai,90,77,lulus
ganjil,10,pai,100,96,lulus
ganjil,10,pai,80,87,lulus
ganjil,10,pai,95,74,lulus
ganjil,10,pai,70,69,recourse
ganjil,10,pai,100,85,lulus
ganjil,10,pai,100,91,lulus
ganjil,10,pai,100,87,lulus
ganjil,10,pai,100,75,lulus
ganjil,10,pai,100,84,lulus
ganjil,10,pai,100,75,lulus
ganjil,10,pai,70,66,recourse
ganjil,10,bahasa,90,75,lulus
ganjil,10,bahasa,94,90,lulus
ganjil,10,bahasa,89,77,lulus
ganjil,10,bahasa,90,82,lulus
ganjil,10,bahasa,91,83,lulus
ganjil,10,bahasa,74,75,recourse
ganjil,10,bahasa,87,80,lulus
ganjil,10,bahasa,90,71,recourse
ganjil,10,bahasa,84,81,lulus
ganjil,10,bahasa,90,73,lulus
ganjil,10,bahasa,89,75,lulus
ganjil,10,bahasa,90,78,lulus
ganjil,10,bahasa,90,79,lulus
ganjil,10,bahasa,89,82,lulus
ganjil,10,bahasa,85,69,lulus
ganjil,10,bahasa,83,81,lulus
ganjil,10,bahasa,90,79,lulus
ganjil,10,bahasa,89,73,lulus
ganjil,10,bahasa,84,72,lulus
ganjil,10,bahasa,92,84,lulus
ganjil,10,bahasa,82,76,lulus
ganjil,10,bahasa,90,75,lulus
ganjil,10,bahasa,90,82,lulus
ganjil,10,bahasa,90,81,lulus
ganjil,10,bahasa,90,82,lulus
ganjil,10,bahasa,90,83,lulus
ganjil,10,bahasa,90,77,lulus
ganjil,10,bahasa,90,82,lulus
ganjil,10,bahasa,91,81,lulus
ganjil,10,bahasa,91,85,lulus
ganjil,10,bahasa,91,84,lulus
ganjil,10,bahasa,92,79,lulus
ganjil,10,bahasa,87,73,lulus
ganjil,10,bahasa,89,83,lulus
ganjil,10,bahasa,91,83,lulus
ganjil,10,bahasa,91,72,lulus
ganjil,10,bahasa,82,75,lulus
ganjil,10,bahasa,90,88,recourse
ganjil,10,bahasa,91,75,recourse
ganjil,10,bahasa,90,85,lulus
ganjil,10,bahasa,91,84,lulus
ganjil,10,bahasa,90,76,lulus
ganjil,10,bahasa,86,73,lulus
ganjil,10,bahasa,90,80,recourse
ganjil,10,bahasa,92,85,lulus
ganjil,10,bahasa,90,75,lulus
ganjil,10,bahasa,89,80,lulus
ganjil,10,bahasa,90,71,lulus
ganjil,10,bahasa,90,85,lulus
ganjil,10,bahasa,92,81,lulus
ganjil,10,bahasa,91,79,lulus
ganjil,10,bahasa,90,82,lulus
ganjil,10,bahasa,91,81,lulus
ganjil,10,bahasa,89,78,lulus
ganjil,10,bahasa,90,77,lulus
ganjil,10,bahasa,90,73,lulus
ganjil,10,bahasa,90,78,lulus
ganjil,10,bahasa,87,79,recourse
ganjil,10,bahasa,92,79,lulus
ganjil,10,bahasa,81,80,recourse
ganjil,10,bahasa,88,85,lulus
ganjil,10,bahasa,90,81,lulus
ganjil,10,bahasa,89,80,lulus
ganjil,10,bahasa,91,81,lulus
ganjil,10,bahasa,90,77,lulus
ganjil,10,bahasa,91,83,lulus
ganjil,10,bahasa,90,75,lulus
ganjil,10,bahasa,88,70,lulus
ganjil,10,bahasa,81,71,lulus
ganjil,10,bahasa,80,76,lulus
ganjil,10,bahasa,81,69,lulus
ganjil,10,bahasa,84,80,lulus
ganjil,10,bahasa,80,77,lulus
ganjil,10,bahasa,81,77,lulus
ganjil,10,math,79,68,lulus
ganjil,10,math,99,96,lulus
ganjil,10,math,89,75,lulus
ganjil,10,math,83,75,lulus
ganjil,10,math,97,99,lulus
ganjil,10,math,60,49,recourse
ganjil,10,math,75,66,lulus
ganjil,10,math,83,78,lulus
ganjil,10,math,62,80,recourse
ganjil,10,math,88,56,lulus
ganjil,10,math,81,56,recourse
ganjil,10,math,92,76,lulus
ganjil,10,math,88,82,lulus
ganjil,10,math,85,84,lulus
ganjil,10,math,68,63,recourse
ganjil,10,math,55,17,recourse
ganjil,10,math,89,64,lulus
ganjil,10,math,70,61,recourse
ganjil,10,math,47,31,recourse
ganjil,10,math,87,78,lulus
ganjil,10,math,79,58,lulus
ganjil,10,math,87,74,lulus
ganjil,10,math,92,83,lulus
ganjil,10,math,97,83,lulus
ganjil,10,math,95,81,lulus
ganjil,10,math,95,73,lulus
ganjil,10,math,96,85,lulus
ganjil,10,math,95,75,lulus
ganjil,10,math,99,95,lulus
ganjil,10,math,97,77,lulus
ganjil,10,math,91,80,lulus
ganjil,10,math,96,82,lulus
ganjil,10,math,94,86,lulus
ganjil,10,math,76,84,lulus
ganjil,10,math,99,89,lulus
ganjil,10,math,89,95,lulus
ganjil,10,math,97,72,lulus
ganjil,10,math,78,42,recourse
ganjil,10,math,99,75,lulus
ganjil,10,math,98,84,lulus
ganjil,10,math,94,79,lulus
ganjil,10,math,93,94,lulus
ganjil,10,math,90,82,lulus
ganjil,10,math,63,49,recourse
ganjil,10,math,98,73,lulus
ganjil,10,math,98,96,lulus
ganjil,10,math,88,68,lulus
ganjil,10,math,87,78,lulus
ganjil,10,math,68,56,recourse
ganjil,10,math,98,92,lulus
ganjil,10,math,96,76,lulus
ganjil,10,math,91,75,lulus
ganjil,10,math,98,94,lulus
ganjil,10,math,97,93,lulus
ganjil,10,math,96,81,lulus
ganjil,10,math,67,60,recourse
ganjil,10,math,86,40,recourse
ganjil,10,math,77,79,lulus
ganjil,10,math,100,54,recourse
ganjil,10,math,85,66,lulus
ganjil,10,math,11,35,recourse
ganjil,10,math,95,90,lulus
ganjil,10,math,97,81,lulus
ganjil,10,math,100,60,lulus
ganjil,10,math,76,74,lulus
ganjil,10,math,69,63,lulus
ganjil,10,math,72,71,lulus
ganjil,10,math,76,58,recourse
ganjil,10,math,83,22,recourse
ganjil,10,math,80,87,lulus
ganjil,10,math,91,74,lulus
ganjil,10,math,89,75,lulus
ganjil,10,math,96,88,lulus
ganjil,10,math,84,75,lulus
ganjil,10,math,78,72,lulus
ganjil,10,math,11,11,recourse
ganjil,10,math,87,68,lulus
ganjil,10,math,89,54,lulus
ganjil,10,math,92,77,lulus
ganjil,10,math,80,72,lulus
ganjil,10,math,98,81,lulus
ganjil,10,math,52,26,recourse
ganjil,10,math,52,36,recourse
ganjil,10,sejarah_indonesia,88,56,lulus
ganjil,10,sejarah_indonesia,97,99,lulus
ganjil,10,sejarah_indonesia,50,63,recourse
ganjil,10,sejarah_indonesia,83,39,recourse
ganjil,10,sejarah_indonesia,95,62,lulus
ganjil,10,sejarah_indonesia,32,53,recourse
ganjil,10,sejarah_indonesia,80,62,recourse
ganjil,10,sejarah_indonesia,52,73,recourse
ganjil,10,sejarah_indonesia,34,53,recourse
ganjil,10,sejarah_indonesia,90,55,lulus
ganjil,10,sejarah_indonesia,94,63,lulus
ganjil,10,sejarah_indonesia,90,69,lulus
ganjil,10,sejarah_indonesia,92,72,lulus
ganjil,10,sejarah_indonesia,89,71,lulus
ganjil,10,sejarah_indonesia,68,46,recourse
ganjil,10,sejarah_indonesia,69,53,recourse
ganjil,10,sejarah_indonesia,94,76,lulus
ganjil,10,sejarah_indonesia,69,59,recourse
ganjil,10,sejarah_indonesia,75,48,recourse
ganjil,10,sejarah_indonesia,92,83,lulus
ganjil,10,sejarah_indonesia,90,64,lulus
ganjil,10,sejarah_indonesia,89,54,lulus
ganjil,10,sejarah_indonesia,95,66,lulus
ganjil,10,sejarah_indonesia,97,86,lulus
ganjil,10,sejarah_indonesia,98,86,lulus
ganjil,10,sejarah_indonesia,95,74,lulus
ganjil,10,sejarah_indonesia,95,67,lulus
ganjil,10,sejarah_indonesia,93,65,lulus
ganjil,10,sejarah_indonesia,98,92,lulus
ganjil,10,sejarah_indonesia,96,83,lulus
ganjil,10,sejarah_indonesia,97,90,lulus
ganjil,10,sejarah_indonesia,96,70,lulus
ganjil,10,sejarah_indonesia,95,71,lulus
ganjil,10,sejarah_indonesia,77,73,lulus
ganjil,10,sejarah_indonesia,97,85,lulus
ganjil,10,sejarah_indonesia,93,76,lulus
ganjil,10,sejarah_indonesia,93,69,lulus
ganjil,10,sejarah_indonesia,66,55,recourse
ganjil,10,sejarah_indonesia,94,59,lulus
ganjil,10,sejarah_indonesia,96,73,lulus
ganjil,10,sejarah_indonesia,94,80,lulus
ganjil,10,sejarah_indonesia,96,82,lulus
ganjil,10,sejarah_indonesia,96,69,lulus
ganjil,10,sejarah_indonesia,47,56,recourse
ganjil,10,sejarah_indonesia,96,68,lulus
ganjil,10,sejarah_indonesia,96,73,lulus
ganjil,10,sejarah_indonesia,92,68,lulus
ganjil,10,sejarah_indonesia,96,71,lulus
ganjil,10,sejarah_indonesia,60,60,recourse
ganjil,10,sejarah_indonesia,97,82,lulus
ganjil,10,sejarah_indonesia,97,77,lulus
ganjil,10,sejarah_indonesia,94,72,lulus
ganjil,10,sejarah_indonesia,97,68,lulus
ganjil,10,sejarah_indonesia,98,80,lulus
ganjil,10,sejarah_indonesia,96,73,lulus
ganjil,10,sejarah_indonesia,90,64,lulus
ganjil,10,sejarah_indonesia,93,53,lulus
ganjil,10,sejarah_indonesia,92,79,lulus
ganjil,10,sejarah_indonesia,73,63,recourse
ganjil,10,sejarah_indonesia,97,73,lulus
ganjil,10,sejarah_indonesia,96,81,lulus
ganjil,10,sejarah_indonesia,86,70,lulus
ganjil,10,sejarah_indonesia,87,83,lulus
ganjil,10,sejarah_indonesia,80,67,lulus
ganjil,10,sejarah_indonesia,52,69,recourse
ganjil,10,sejarah_indonesia,76,53,recourse
ganjil,10,sejarah_indonesia,94,53,lulus
ganjil,10,sejarah_indonesia,92,64,lulus
ganjil,10,sejarah_indonesia,95,79,lulus
ganjil,10,sejarah_indonesia,92,65,lulus
ganjil,10,sejarah_indonesia,92,81,lulus
ganjil,10,sejarah_indonesia,89,71,lulus
ganjil,10,sejarah_indonesia,90,68,lulus
ganjil,10,sejarah_indonesia,8,19,recourse
ganjil,10,sejarah_indonesia,91,71,lulus
ganjil,10,sejarah_indonesia,85,71,lulus
ganjil,10,sejarah_indonesia,96,64,lulus
ganjil,10,sejarah_indonesia,93,81,lulus
ganjil,10,sejarah_indonesia,96,77,lulus
ganjil,10,sejarah_indonesia,91,37,lulus
ganjil,10,sejarah_indonesia,42,45,recourse
ganjil,10,bahasa_inggris,77,71,recourse
ganjil,10,bahasa_inggris,91,92,lulus
ganjil,10,bahasa_inggris,61,94,lulus
ganjil,10,bahasa_inggris,59,63,recourse
ganjil,10,bahasa_inggris,74,84,lulus
ganjil,10,bahasa_inggris,46,54,recourse
ganjil,10,bahasa_inggris,74,90,lulus
ganjil,10,bahasa_inggris,71,83,recourse
ganjil,10,bahasa_inggris,55,58,recourse
ganjil,10,bahasa_inggris,75,58,recourse
ganjil,10,bahasa_inggris,67,81,recourse
ganjil,10,bahasa_inggris,89,83,lulus
ganjil,10,bahasa_inggris,89,97,lulus
ganjil,10,bahasa_inggris,85,84,lulus
ganjil,10,bahasa_inggris,58,31,recourse
ganjil,10,bahasa_inggris,65,70,recourse
ganjil,10,bahasa_inggris,88,78,lulus
ganjil,10,bahasa_inggris,73,83,recourse
ganjil,10,bahasa_inggris,67,68,recourse
ganjil,10,bahasa_inggris,91,89,lulus
ganjil,10,bahasa_inggris,83,65,recourse
ganjil,10,bahasa_inggris,83,59,recourse
ganjil,10,bahasa_inggris,90,87,lulus
ganjil,10,bahasa_inggris,88,92,lulus
ganjil,10,bahasa_inggris,91,78,lulus
ganjil,10,bahasa_inggris,90,81,lulus
ganjil,10,bahasa_inggris,89,85,lulus
ganjil,10,bahasa_inggris,90,77,lulus
ganjil,10,bahasa_inggris,92,95,lulus
ganjil,10,bahasa_inggris,90,91,lulus
ganjil,10,bahasa_inggris,92,95,lulus
ganjil,10,bahasa_inggris,91,80,lulus
ganjil,10,bahasa_inggris,90,88,lulus
ganjil,10,bahasa_inggris,29,83,recourse
ganjil,10,bahasa_inggris,91,81,lulus
ganjil,10,bahasa_inggris,89,77,lulus
ganjil,10,bahasa_inggris,81,83,lulus
ganjil,10,bahasa_inggris,61,45,recourse
ganjil,10,bahasa_inggris,85,79,lulus
ganjil,10,bahasa_inggris,92,84,lulus
ganjil,10,bahasa_inggris,91,84,lulus
ganjil,10,bahasa_inggris,92,86,lulus
ganjil,10,bahasa_inggris,90,92,lulus
ganjil,10,bahasa_inggris,32,70,recourse
ganjil,10,bahasa_inggris,91,85,lulus
ganjil,10,bahasa_inggris,91,92,lulus
ganjil,10,bahasa_inggris,90,90,lulus
ganjil,10,bahasa_inggris,86,86,lulus
ganjil,10,bahasa_inggris,65,60,recourse
ganjil,10,bahasa_inggris,90,93,lulus
ganjil,10,bahasa_inggris,90,89,lulus
ganjil,10,bahasa_inggris,79,75,lulus
ganjil,10,bahasa_inggris,92,45,recourse
ganjil,10,bahasa_inggris,93,91,lulus
ganjil,10,bahasa_inggris,90,92,lulus
ganjil,10,bahasa_inggris,75,24,recourse
ganjil,10,bahasa_inggris,84,54,recourse
ganjil,10,bahasa_inggris,87,79,lulus
ganjil,10,bahasa_inggris,75,2,recourse
ganjil,10,bahasa_inggris,81,79,lulus
ganjil,10,bahasa_inggris,88,89,lulus
ganjil,10,bahasa_inggris,92,96,lulus
ganjil,10,bahasa_inggris,89,76,lulus
ganjil,10,bahasa_inggris,79,76,lulus
ganjil,10,bahasa_inggris,69,65,recourse
ganjil,10,bahasa_inggris,44,66,recourse
ganjil,10,bahasa_inggris,55,72,recourse
ganjil,10,bahasa_inggris,88,65,recourse
ganjil,10,bahasa_inggris,90,82,lulus
ganjil,10,bahasa_inggris,86,90,lulus
ganjil,10,bahasa_inggris,86,75,lulus
ganjil,10,bahasa_inggris,88,92,lulus
ganjil,10,bahasa_inggris,84,91,lulus
ganjil,10,bahasa_inggris,76,80,lulus
ganjil,10,bahasa_inggris,22,22,recourse
ganjil,10,bahasa_inggris,88,76,lulus
ganjil,10,bahasa_inggris,75,75,lulus
ganjil,10,bahasa_inggris,90,74,lulus
ganjil,10,bahasa_inggris,83,89,lulus
ganjil,10,bahasa_inggris,91,72,lulus
ganjil,10,bahasa_inggris,79,72,recourse
ganjil,10,bahasa_inggris,45,39,recourse
ganjil,10,bahasa_arab,93,65,lulus
ganjil,10,bahasa_arab,100,98,lulus
ganjil,10,bahasa_arab,41,41,recourse
ganjil,10,bahasa_arab,89,78,lulus
ganjil,10,bahasa_arab,84,87,lulus
ganjil,10,bahasa_arab,53,59,recourse
ganjil,10,bahasa_arab,49,59,recourse
ganjil,10,bahasa_arab,56,51,recourse
ganjil,10,bahasa_arab,36,51,recourse
ganjil,10,bahasa_arab,90,60,lulus
ganjil,10,bahasa_arab,56,53,recourse
ganjil,10,bahasa_arab,95,71,lulus
ganjil,10,bahasa_arab,94,82,lulus
ganjil,10,bahasa_arab,84,60,lulus
ganjil,10,bahasa_arab,53,43,recourse
ganjil,10,bahasa_arab,55,46,recourse
ganjil,10,bahasa_arab,91,56,lulus
ganjil,10,bahasa_arab,62,75,lulus
ganjil,10,bahasa_arab,68,38,recourse
ganjil,10,bahasa_arab,91,66,lulus
ganjil,10,bahasa_arab,93,54,lulus
ganjil,10,bahasa_arab,91,54,lulus
ganjil,10,bahasa_arab,91,76,lulus
ganjil,10,bahasa_arab,100,89,lulus
ganjil,10,bahasa_arab,99,71,lulus
ganjil,10,bahasa_arab,93,56,lulus
ganjil,10,bahasa_arab,93,76,lulus
ganjil,10,bahasa_arab,98,66,lulus
ganjil,10,bahasa_arab,100,87,lulus
ganjil,10,bahasa_arab,87,96,lulus
ganjil,10,bahasa_arab,100,94,lulus
ganjil,10,bahasa_arab,95,66,lulus
ganjil,10,bahasa_arab,98,75,lulus
ganjil,10,bahasa_arab,81,63,lulus
ganjil,10,bahasa_arab,98,87,lulus
ganjil,10,bahasa_arab,84,72,lulus
ganjil,10,bahasa_arab,96,63,lulus
ganjil,10,bahasa_arab,85,60,lulus
ganjil,10,bahasa_arab,81,63,lulus
ganjil,10,bahasa_arab,98,71,lulus
ganjil,10,bahasa_arab,99,83,lulus
ganjil,10,bahasa_arab,96,87,lulus
ganjil,10,bahasa_arab,93,66,lulus
ganjil,10,bahasa_arab,43,42,recourse
ganjil,10,bahasa_arab,100,74,lulus
ganjil,10,bahasa_arab,100,88,lulus
ganjil,10,bahasa_arab,62,49,recourse
ganjil,10,bahasa_arab,91,81,lulus
ganjil,10,bahasa_arab,64,41,recourse
ganjil,10,bahasa_arab,92,96,lulus
ganjil,10,bahasa_arab,85,89,lulus
ganjil,10,bahasa_arab,84,61,lulus
ganjil,10,bahasa_arab,99,92,lulus
ganjil,10,bahasa_arab,96,98,lulus
ganjil,10,bahasa_arab,100,92,lulus
ganjil,10,bahasa_arab,83,62,lulus
ganjil,10,bahasa_arab,100,39,lulus
ganjil,10,bahasa_arab,93,84,lulus
ganjil,10,bahasa_arab,70,45,recourse
ganjil,10,bahasa_arab,13,45,recourse
ganjil,10,bahasa_arab,99,75,lulus
ganjil,10,bahasa_arab,99,77,lulus
ganjil,10,bahasa_arab,90,60,lulus
ganjil,10,bahasa_arab,94,77,lulus
ganjil,10,bahasa_arab,55,53,recourse
ganjil,10,bahasa_arab,22,43,recourse
ganjil,10,bahasa_arab,41,22,recourse
ganjil,10,bahasa_arab,90,49,lulus
ganjil,10,bahasa_arab,89,60,lulus
ganjil,10,bahasa_arab,96,80,lulus
ganjil,10,bahasa_arab,80,65,lulus
ganjil,10,bahasa_arab,100,83,lulus
ganjil,10,bahasa_arab,91,56,lulus
ganjil,10,bahasa_arab,84,62,lulus
ganjil,10,bahasa_arab,20,35,recourse
ganjil,10,bahasa_arab,98,52,lulus
ganjil,10,bahasa_arab,54,71,recourse
ganjil,10,bahasa_arab,95,84,lulus
ganjil,10,bahasa_arab,79,65,lulus
ganjil,10,bahasa_arab,99,88,lulus
ganjil,10,bahasa_arab,50,41,recourse
ganjil,10,bahasa_arab,46,30,recourse
ganjil,10,biologi,79,62,recourse
ganjil,10,biologi,97,90,lulus
ganjil,10,biologi,50,41,recourse
ganjil,10,biologi,80,42,recourse
ganjil,10,biologi,86,75,lulus
ganjil,10,biologi,42,46,recourse
ganjil,10,biologi,81,55,recourse
ganjil,10,biologi,77,51,recourse
ganjil,10,biologi,51,47,recourse
ganjil,10,biologi,78,44,recourse
ganjil,10,biologi,50,43,recourse
ganjil,10,biologi,78,65,recourse
ganjil,10,biologi,90,77,lulus
ganjil,10,biologi,96,56,lulus
ganjil,10,biologi,59,36,recourse
ganjil,10,biologi,68,26,recourse
ganjil,10,biologi,91,68,lulus
ganjil,10,biologi,78,43,recourse
ganjil,10,biologi,84,46,recourse
ganjil,10,biologi,97,81,lulus
ganjil,10,biologi,87,45,recourse
ganjil,10,biologi,87,45,recourse
ganjil,10,biologi,92,53,lulus
ganjil,10,biologi,93,81,lulus
ganjil,10,biologi,98,59,lulus
ganjil,10,biologi,97,71,lulus
ganjil,10,biologi,86,74,lulus
ganjil,10,biologi,97,60,lulus
ganjil,10,biologi,98,80,lulus
ganjil,10,biologi,98,86,lulus
ganjil,10,biologi,98,89,lulus
ganjil,10,biologi,86,75,lulus
ganjil,10,biologi,98,72,lulus
ganjil,10,biologi,54,58,recourse
ganjil,10,biologi,92,84,lulus
ganjil,10,biologi,85,66,lulus
ganjil,10,biologi,87,77,lulus
ganjil,10,biologi,75,32,recourse
ganjil,10,biologi,97,71,lulus
ganjil,10,biologi,97,70,lulus
ganjil,10,biologi,98,67,lulus
ganjil,10,biologi,97,77,lulus
ganjil,10,biologi,97,80,lulus
ganjil,10,biologi,72,28,recourse
ganjil,10,biologi,93,63,lulus
ganjil,10,biologi,97,77,lulus
ganjil,10,biologi,63,52,recourse
ganjil,10,biologi,90,76,lulus
ganjil,10,biologi,66,38,recourse
ganjil,10,biologi,91,88,lulus
ganjil,10,biologi,98,77,lulus
ganjil,10,biologi,80,57,recourse
ganjil,10,biologi,98,79,lulus
ganjil,10,biologi,98,85,lulus
ganjil,10,biologi,98,66,lulus
ganjil,10,biologi,85,38,recourse
ganjil,10,fisika,83,63,lulus
ganjil,10,fisika,98,93,lulus
ganjil,10,fisika,83,73,lulus
ganjil,10,fisika,68,64,recourse
ganjil,10,fisika,97,78,lulus
ganjil,10,fisika,46,52,recourse
ganjil,10,fisika,92,80,lulus
ganjil,10,fisika,69,81,recourse
ganjil,10,fisika,70,49,recourse
ganjil,10,fisika,82,66,lulus
ganjil,10,fisika,83,62,lulus
ganjil,10,fisika,96,55,lulus
ganjil,10,fisika,93,91,lulus
ganjil,10,fisika,89,74,lulus
ganjil,10,fisika,72,46,lulus
ganjil,10,fisika,69,59,recourse
ganjil,10,fisika,92,76,lulus
ganjil,10,fisika,85,63,lulus
ganjil,10,fisika,74,68,recourse
ganjil,10,fisika,96,89,lulus
ganjil,10,fisika,87,63,lulus
ganjil,10,fisika,93,67,lulus
ganjil,10,fisika,93,82,lulus
ganjil,10,fisika,96,88,lulus
ganjil,10,fisika,95,80,lulus
ganjil,10,fisika,84,76,lulus
ganjil,10,fisika,88,76,lulus
ganjil,10,fisika,94,72,lulus
ganjil,10,fisika,100,95,lulus
ganjil,10,fisika,96,89,lulus
ganjil,10,fisika,98,87,lulus
ganjil,10,fisika,94,77,lulus
ganjil,10,fisika,95,84,lulus
ganjil,10,fisika,60,54,lulus
ganjil,10,fisika,98,86,lulus
ganjil,10,fisika,90,78,lulus
ganjil,10,fisika,86,80,lulus
ganjil,10,fisika,80,50,recourse
ganjil,10,fisika,92,74,lulus
ganjil,10,fisika,94,80,lulus
ganjil,10,fisika,90,75,lulus
ganjil,10,fisika,99,93,lulus
ganjil,10,fisika,97,71,lulus
ganjil,10,fisika,34,56,recourse
ganjil,10,fisika,97,87,lulus
ganjil,10,fisika,96,85,lulus
ganjil,10,fisika,78,72,lulus
ganjil,10,fisika,93,89,lulus
ganjil,10,fisika,74,57,lulus
ganjil,10,fisika,99,93,lulus
ganjil,10,fisika,96,88,lulus
ganjil,10,fisika,91,78,lulus
ganjil,10,fisika,95,85,lulus
ganjil,10,fisika,98,85,lulus
ganjil,10,fisika,97,85,lulus
ganjil,10,fisika,68,56,lulus
ganjil,10,kimia,66,35,recourse
ganjil,10,kimia,99,94,lulus
ganjil,10,kimia,95,78,lulus
ganjil,10,kimia,64,66,recourse
ganjil,10,kimia,95,93,lulus
ganjil,10,kimia,39,70,recourse
ganjil,10,kimia,56,68,recourse
ganjil,10,kimia,56,61,recourse
ganjil,10,kimia,32,49,recourse
ganjil,10,kimia,76,71,recourse
ganjil,10,kimia,57,72,recourse
ganjil,10,kimia,96,82,lulus
ganjil,10,kimia,95,77,lulus
ganjil,10,kimia,88,64,lulus
ganjil,10,kimia,50,41,recourse
ganjil,10,kimia,48,28,recourse
ganjil,10,kimia,89,65,lulus
ganjil,10,kimia,71,73,recourse
ganjil,10,kimia,55,36,recourse
ganjil,10,kimia,93,77,lulus
ganjil,10,kimia,91,71,lulus
ganjil,10,kimia,77,65,recourse
ganjil,10,kimia,94,77,lulus
ganjil,10,kimia,93,77,lulus
ganjil,10,kimia,94,75,lulus
ganjil,10,kimia,92,81,lulus
ganjil,10,kimia,71,80,lulus
ganjil,10,kimia,98,69,lulus
ganjil,10,kimia,98,91,lulus
ganjil,10,kimia,98,80,lulus
ganjil,10,kimia,99,93,lulus
ganjil,10,kimia,97,81,lulus
ganjil,10,kimia,96,80,lulus
ganjil,10,kimia,69,72,recourse
ganjil,10,kimia,97,90,lulus
ganjil,10,kimia,96,81,lulus
ganjil,10,kimia,86,84,lulus
ganjil,10,kimia,64,26,recourse
ganjil,10,kimia,96,77,lulus
ganjil,10,kimia,97,81,lulus
ganjil,10,kimia,91,81,lulus
ganjil,10,kimia,89,89,lulus
ganjil,10,kimia,90,71,lulus
ganjil,10,kimia,45,56,recourse
ganjil,10,kimia,99,84,lulus
ganjil,10,kimia,98,90,lulus
ganjil,10,kimia,76,82,lulus
ganjil,10,kimia,98,64,lulus
ganjil,10,kimia,46,70,recourse
ganjil,10,kimia,99,98,lulus
ganjil,10,kimia,86,72,lulus
ganjil,10,kimia,93,63,lulus
ganjil,10,kimia,91,87,lulus
ganjil,10,kimia,99,87,lulus
ganjil,10,kimia,92,78,lulus
ganjil,10,kimia,45,65,recourse
ganjil,10,geografi,94,53,lulus
ganjil,10,geografi,93,68,lulus
ganjil,10,geografi,81,73,lulus
ganjil,10,geografi,22,40,recourse
ganjil,10,geografi,88,77,lulus
ganjil,10,geografi,91,80,lulus
ganjil,10,geografi,93,54,lulus
ganjil,10,geografi,86,64,lulus
ganjil,10,geografi,87,63,lulus
ganjil,10,geografi,92,55,lulus
ganjil,10,geografi,94,53,lulus
ganjil,10,geografi,81,73,lulus
ganjil,10,geografi,89,75,lulus
ganjil,10,geografi,89,68,lulus
ganjil,10,geografi,91,83,lulus
ganjil,10,geografi,83,68,lulus
ganjil,10,geografi,91,56,lulus
ganjil,10,geografi,28,32,recourse
ganjil,10,geografi,92,66,lulus
ganjil,10,geografi,94,70,lulus
ganjil,10,geografi,92,71,lulus
ganjil,10,geografi,80,75,lulus
ganjil,10,geografi,92,80,lulus
ganjil,10,geografi,93,54,lulus
ganjil,10,geografi,93,54,lulus
ganjil,10,ekonomi,87,70,lulus
ganjil,10,ekonomi,88,80,lulus
ganjil,10,ekonomi,35,59,recourse
ganjil,10,ekonomi,71,68,recourse
ganjil,10,ekonomi,16,68,recourse
ganjil,10,ekonomi,94,76,lulus
ganjil,10,ekonomi,93,78,lulus
ganjil,10,ekonomi,55,65,recourse
ganjil,10,ekonomi,87,63,lulus
ganjil,10,ekonomi,68,65,recourse
ganjil,10,ekonomi,79,68,recourse
ganjil,10,ekonomi,66,68,recourse
ganjil,10,ekonomi,89,73,lulus
ganjil,10,ekonomi,85,60,lulus
ganjil,10,ekonomi,94,76,lulus
ganjil,10,ekonomi,89,68,lulus
ganjil,10,ekonomi,95,89,lulus
ganjil,10,ekonomi,90,71,lulus
ganjil,10,ekonomi,82,68,lulus
ganjil,10,ekonomi,23,48,recourse
ganjil,10,ekonomi,93,77,lulus
ganjil,10,ekonomi,80,73,lulus
ganjil,10,ekonomi,94,70,lulus
ganjil,10,ekonomi,94,79,lulus
ganjil,10,ekonomi,95,88,lulus
ganjil,10,ekonomi,94,60,lulus
ganjil,10,ekonomi,77,60,recourse
ganjil,10,sosiologi,88,62,lulus
ganjil,10,sosiologi,93,73,lulus
ganjil,10,sosiologi,88,57,lulus
ganjil,10,sosiologi,92,72,lulus
ganjil,10,sosiologi,0,71,recourse
ganjil,10,sosiologi,92,83,lulus
ganjil,10,sosiologi,94,88,lulus
ganjil,10,sosiologi,90,70,lulus
ganjil,10,sosiologi,93,63,lulus
ganjil,10,sosiologi,60,68,recourse
ganjil,10,sosiologi,66,70,recourse
ganjil,10,sosiologi,50,56,recourse
ganjil,10,sosiologi,91,60,lulus
ganjil,10,sosiologi,91,75,lulus
ganjil,10,sosiologi,93,89,lulus
ganjil,10,sosiologi,86,78,lulus
ganjil,10,sosiologi,97,90,lulus
ganjil,10,sosiologi,92,38,recourse
ganjil,10,sosiologi,86,63,lulus
ganjil,10,sosiologi,6,25,recourse
ganjil,10,sosiologi,92,69,lulus
ganjil,10,sosiologi,86,74,lulus
ganjil,10,sosiologi,91,69,lulus
ganjil,10,sosiologi,86,75,lulus
ganjil,10,sosiologi,96,87,lulus
ganjil,10,sosiologi,91,25,recourse
ganjil,10,sosiologi,64,61,recourse
ganjil,11,pai,72,78,recourse
ganjil,11,pai,90,86,lulus
ganjil,11,pai,75,80,lulus
ganjil,11,pai,55,85,recourse
ganjil,11,pai,73,83,lulus
ganjil,11,pai,37,63,recourse
ganjil,11,pai,55,69,recourse
ganjil,11,pai,87,80,lulus
ganjil,11,pai,33,75,recourse
ganjil,11,pai,63,78,recourse
ganjil,11,pai,74,86,lulus
ganjil,11,pai,52,84,recourse
ganjil,11,pai,54,87,recourse
ganjil,11,pai,73,89,lulus
ganjil,11,pai,26,67,recourse
ganjil,11,pai,88,87,lulus
ganjil,11,pai,56,74,recourse
ganjil,11,pai,85,88,lulus
ganjil,11,pai,83,91,lulus
ganjil,11,pai,79,75,lulus
ganjil,11,pai,82,88,lulus
ganjil,11,pai,81,88,lulus
ganjil,11,pai,87,82,lulus
ganjil,11,pai,30,84,recourse
ganjil,11,pai,72,88,lulus
ganjil,11,pai,83,85,lulus
ganjil,11,pai,31,70,recourse
ganjil,11,pai,87,77,lulus
ganjil,11,pai,52,74,recourse
ganjil,11,pai,64,85,lulus
ganjil,11,pai,50,70,recourse
ganjil,11,pai,59,86,lulus
ganjil,11,pai,76,90,lulus
ganjil,11,pai,66,89,lulus
ganjil,11,pai,59,83,lulus
ganjil,11,pai,56,81,recourse
ganjil,11,pai,78,90,lulus
ganjil,11,pai,5,84,recourse
ganjil,11,pai,90,94,lulus
ganjil,11,pai,35,77,recourse
ganjil,11,pai,82,90,lulus
ganjil,11,pai,25,80,recourse
ganjil,11,pai,40,88,recourse
ganjil,11,pai,20,69,recourse
ganjil,11,pai,20,70,recourse
ganjil,11,pai,32,76,recourse
ganjil,11,pai,20,72,recourse
ganjil,11,pai,22,55,recourse
ganjil,11,pai,10,67,recourse
ganjil,11,pai,5,74,recourse
ganjil,11,pai,20,75,recourse
ganjil,11,pai,82,90,lulus
ganjil,11,pai,92,66,recourse
ganjil,11,pai,85,89,lulus
ganjil,11,pai,98,85,lulus
ganjil,11,pai,20,43,recourse
ganjil,11,pai,76,80,recourse
ganjil,11,pai,99,93,lulus
ganjil,11,pai,53,74,recourse
ganjil,11,pai,30,69,recourse
ganjil,11,pai,42,75,recourse
ganjil,11,pai,86,88,lulus
ganjil,11,pai,22,79,recourse
ganjil,11,pai,96,87,lulus
ganjil,11,pai,45,79,recourse
ganjil,11,pai,50,77,recourse
ganjil,11,pai,100,81,lulus
ganjil,11,pai,71,84,recourse
ganjil,11,pai,92,75,lulus
ganjil,11,pai,50,70,recourse
ganjil,11,pai,91,80,lulus
ganjil,11,bahasa,92,88,lulus
ganjil,11,bahasa,92,77,lulus
ganjil,11,bahasa,83,77,lulus
ganjil,11,bahasa,81,77,recourse
ganjil,11,bahasa,89,78,lulus
ganjil,11,bahasa,27,60,recourse
ganjil,11,bahasa,74,49,recourse
ganjil,11,bahasa,90,70,lulus
ganjil,11,bahasa,54,79,recourse
ganjil,11,bahasa,63,52,recourse
ganjil,11,bahasa,89,78,lulus
ganjil,11,bahasa,80,80,recourse
ganjil,11,bahasa,68,64,recourse
ganjil,11,bahasa,89,87,lulus
ganjil,11,bahasa,63,51,recourse
ganjil,11,bahasa,92,80,lulus
ganjil,11,bahasa,83,63,recourse
ganjil,11,bahasa,92,88,lulus
ganjil,11,bahasa,85,86,lulus
ganjil,11,bahasa,83,75,recourse
ganjil,11,bahasa,79,88,lulus
ganjil,11,bahasa,92,88,lulus
ganjil,11,bahasa,84,82,lulus
ganjil,11,bahasa,83,84,recourse
ganjil,11,bahasa,80,88,recourse
ganjil,11,bahasa,80,85,lulus
ganjil,11,bahasa,28,70,recourse
ganjil,11,bahasa,86,77,lulus
ganjil,11,bahasa,45,74,recourse
ganjil,11,bahasa,53,85,recourse
ganjil,11,bahasa,63,70,recourse
ganjil,11,bahasa,93,86,lulus
ganjil,11,bahasa,78,86,recourse
ganjil,11,bahasa,79,89,lulus
ganjil,11,bahasa,84,83,recourse
ganjil,11,bahasa,78,81,recourse
ganjil,11,bahasa,93,87,lulus
ganjil,11,bahasa,28,62,recourse
ganjil,11,bahasa,84,74,lulus
ganjil,11,bahasa,30,57,recourse
ganjil,11,bahasa,63,72,recourse
ganjil,11,bahasa,37,70,recourse
ganjil,11,bahasa,41,60,recourse
ganjil,11,bahasa,33,63,recourse
ganjil,11,bahasa,42,66,recourse
ganjil,11,bahasa,20,57,recourse
ganjil,11,bahasa,29,55,recourse
ganjil,11,bahasa,21,59,recourse
ganjil,11,bahasa,21,68,recourse
ganjil,11,bahasa,35,59,recourse
ganjil,11,bahasa,19,56,recourse
ganjil,11,bahasa,90,63,lulus
ganjil,11,bahasa,77,89,recourse
ganjil,11,bahasa,64,85,recourse
ganjil,11,bahasa,85,60,recourse
ganjil,11,bahasa,17,80,recourse
ganjil,11,bahasa,50,89,recourse
ganjil,11,bahasa,91,74,lulus
ganjil,11,bahasa,30,69,recourse
ganjil,11,bahasa,34,75,recourse
ganjil,11,bahasa,42,88,recourse
ganjil,11,bahasa,78,79,lulus
ganjil,11,bahasa,31,87,recourse
ganjil,11,bahasa,69,79,recourse
ganjil,11,bahasa,43,77,recourse
ganjil,11,bahasa,34,81,recourse
ganjil,11,bahasa,63,84,recourse
ganjil,11,bahasa,34,75,recourse
ganjil,11,bahasa,89,70,recourse
ganjil,11,bahasa,71,80,recourse
ganjil,11,bahasa,76,81,recourse
ganjil,11,math,93,91,lulus
ganjil,11,math,93,89,lulus
ganjil,11,math,90,82,lulus
ganjil,11,math,87,85,lulus
ganjil,11,math,93,94,lulus
ganjil,11,math,92,77,lulus
ganjil,11,math,13,44,recourse
ganjil,11,math,68,58,recourse
ganjil,11,math,93,88,lulus
ganjil,11,math,20,39,recourse
ganjil,11,math,73,64,recourse
ganjil,11,math,55,92,recourse
ganjil,11,math,51,78,recourse
ganjil,11,math,93,94,lulus
ganjil,11,math,55,79,recourse
ganjil,11,math,89,85,lulus
ganjil,11,math,80,80,lulus
ganjil,11,math,90,85,lulus
ganjil,11,math,96,97,lulus
ganjil,11,math,74,83,lulus
ganjil,11,math,91,98,lulus
ganjil,11,math,96,94,lulus
ganjil,11,math,95,94,lulus
ganjil,11,math,77,97,lulus
ganjil,11,math,71,95,lulus
ganjil,11,math,87,97,lulus
ganjil,11,math,13,73,recourse
ganjil,11,math,93,86,lulus
ganjil,11,math,38,79,recourse
ganjil,11,math,31,82,recourse
ganjil,11,math,39,61,recourse
ganjil,11,math,90,95,lulus
ganjil,11,math,84,94,lulus
ganjil,11,math,71,97,lulus
ganjil,11,math,82,92,recourse
ganjil,11,math,70,85,recourse
ganjil,11,math,89,79,lulus
ganjil,11,math,2,47,recourse
ganjil,11,math,85,82,lulus
ganjil,11,math,17,80,recourse
ganjil,11,math,31,85,recourse
ganjil,11,math,10,64,recourse
ganjil,11,math,22,65,recourse
ganjil,11,math,27,80,recourse
ganjil,11,math,22,52,recourse
ganjil,11,math,18,82,recourse
ganjil,11,math,12,27,recourse
ganjil,11,math,2,56,recourse
ganjil,11,math,7,75,recourse
ganjil,11,math,5,22,recourse
ganjil,11,math,7,50,recourse
ganjil,11,math,87,77,lulus
ganjil,11,math,89,77,lulus
ganjil,11,math,48,45,recourse
ganjil,11,math,94,79,lulus
ganjil,11,math,3,49,recourse
ganjil,11,math,65,76,recourse
ganjil,11,math,93,91,lulus
ganjil,11,math,12,51,recourse
ganjil,11,math,23,55,recourse
ganjil,11,math,23,58,recourse
ganjil,11,math,85,79,lulus
ganjil,11,math,23,61,recourse
ganjil,11,math,85,73,recourse
ganjil,11,math,26,48,recourse
ganjil,11,math,23,49,recourse
ganjil,11,math,90,95,lulus
ganjil,11,math,20,71,recourse
ganjil,11,math,84,84,lulus
ganjil,11,math,42,67,recourse
ganjil,11,math,81,79,recourse
ganjil,11,bahasa_arab,75,88,lulus
ganjil,11,bahasa_arab,99,98,lulus
ganjil,11,bahasa_arab,88,87,lulus
ganjil,11,bahasa_arab,65,84,lulus
ganjil,11,bahasa_arab,89,92,lulus
ganjil,11,bahasa_arab,49,51,recourse
ganjil,11,bahasa_arab,76,83,lulus
ganjil,11,bahasa_arab,50,58,recourse
ganjil,11,bahasa_arab,30,73,recourse
ganjil,11,bahasa_arab,81,95,lulus
ganjil,11,bahasa_arab,63,89,lulus
ganjil,11,bahasa_arab,53,78,recourse
ganjil,11,bahasa_arab,87,90,lulus
ganjil,11,bahasa_arab,44,18,recourse
ganjil,11,bahasa_arab,95,95,lulus
ganjil,11,bahasa_arab,60,57,recourse
ganjil,11,bahasa_arab,83,86,lulus
ganjil,11,bahasa_arab,82,96,lulus
ganjil,11,bahasa_arab,75,80,lulus
ganjil,11,bahasa_arab,86,93,lulus
ganjil,11,bahasa_arab,68,94,lulus
ganjil,11,bahasa_arab,84,93,lulus
ganjil,11,bahasa_arab,34,91,recourse
ganjil,11,bahasa_arab,50,96,lulus
ganjil,11,bahasa_arab,81,97,lulus
ganjil,11,bahasa_arab,15,85,recourse
ganjil,11,bahasa_arab,86,97,lulus
ganjil,11,bahasa_arab,29,94,recourse
ganjil,11,bahasa_arab,66,84,lulus
ganjil,11,bahasa_arab,61,70,recourse
ganjil,11,bahasa_arab,68,92,lulus
ganjil,11,bahasa_arab,81,94,lulus
ganjil,11,bahasa_arab,81,91,lulus
ganjil,11,bahasa_arab,60,83,lulus
ganjil,11,bahasa_arab,34,86,recourse
ganjil,11,bahasa_arab,80,88,lulus
ganjil,11,bahasa_arab,16,83,recourse
ganjil,11,bahasa_arab,85,90,lulus
ganjil,11,bahasa_arab,33,93,recourse
ganjil,11,bahasa_arab,33,92,recourse
ganjil,11,bahasa_arab,64,59,recourse
ganjil,11,bahasa_arab,30,52,recourse
ganjil,11,bahasa_arab,30,82,recourse
ganjil,11,bahasa_arab,36,31,recourse
ganjil,11,bahasa_arab,23,93,recourse
ganjil,11,bahasa_arab,61,93,lulus
ganjil,11,bahasa_arab,20,36,recourse
ganjil,11,bahasa_arab,20,84,recourse
ganjil,11,bahasa_arab,20,28,recourse
ganjil,11,bahasa_arab,23,29,recourse
ganjil,11,bahasa_arab,84,85,lulus
ganjil,11,bahasa_arab,57,52,recourse
ganjil,11,bahasa_arab,71,79,recourse
ganjil,11,bahasa_arab,59,66,recourse
ganjil,11,bahasa_arab,15,22,recourse
ganjil,11,bahasa_arab,42,60,recourse
ganjil,11,bahasa_arab,92,87,lulus
ganjil,11,bahasa_arab,15,68,recourse
ganjil,11,bahasa_arab,36,42,recourse
ganjil,11,bahasa_arab,27,36,recourse
ganjil,11,bahasa_arab,58,65,recourse
ganjil,11,bahasa_arab,31,92,recourse
ganjil,11,bahasa_arab,58,56,recourse
ganjil,11,bahasa_arab,31,30,recourse
ganjil,11,bahasa_arab,31,27,recourse
ganjil,11,bahasa_arab,91,84,lulus
ganjil,11,bahasa_arab,31,62,recourse
ganjil,11,bahasa_arab,42,70,recourse
ganjil,11,bahasa_arab,46,34,recourse
ganjil,11,bahasa_arab,56,57,recourse
ganjil,11,bahasa_inggris,84,88,lulus
ganjil,11,bahasa_inggris,91,77,lulus
ganjil,11,bahasa_inggris,88,77,lulus
ganjil,11,bahasa_inggris,65,77,recourse
ganjil,11,bahasa_inggris,94,78,lulus
ganjil,11,bahasa_inggris,20,25,recourse
ganjil,11,bahasa_inggris,68,39,recourse
ganjil,11,bahasa_inggris,89,69,lulus
ganjil,11,bahasa_inggris,44,79,recourse
ganjil,11,bahasa_inggris,38,52,recourse
ganjil,11,bahasa_inggris,87,78,lulus
ganjil,11,bahasa_inggris,68,80,recourse
ganjil,11,bahasa_inggris,62,64,recourse
ganjil,11,bahasa_inggris,96,87,lulus
ganjil,11,bahasa_inggris,47,51,recourse
ganjil,11,bahasa_inggris,85,80,lulus
ganjil,11,bahasa_inggris,55,63,recourse
ganjil,11,bahasa_inggris,89,71,lulus
ganjil,11,bahasa_inggris,77,86,recourse
ganjil,11,bahasa_inggris,82,67,recourse
ganjil,11,bahasa_inggris,92,87,lulus
ganjil,11,bahasa_inggris,91,83,lulus
ganjil,11,bahasa_inggris,72,79,recourse
ganjil,11,bahasa_inggris,50,71,recourse
ganjil,11,bahasa_inggris,49,87,recourse
ganjil,11,bahasa_inggris,89,83,lulus
ganjil,11,bahasa_inggris,13,66,recourse
ganjil,11,bahasa_inggris,90,72,recourse
ganjil,11,bahasa_inggris,20,54,recourse
ganjil,11,bahasa_inggris,13,72,recourse
ganjil,11,bahasa_inggris,44,56,recourse
ganjil,11,bahasa_inggris,60,82,recourse
ganjil,11,bahasa_inggris,88,84,lulus
ganjil,11,bahasa_inggris,60,82,recourse
ganjil,11,bahasa_inggris,52,83,recourse
ganjil,11,bahasa_inggris,63,62,recourse
ganjil,11,bahasa_inggris,92,67,recourse
ganjil,11,bahasa_inggris,21,18,recourse
ganjil,11,bahasa_inggris,96,74,lulus
ganjil,11,bahasa_inggris,29,57,recourse
ganjil,11,bahasa_inggris,51,72,recourse
ganjil,11,bahasa_inggris,27,46,recourse
ganjil,11,bahasa_inggris,46,60,recourse
ganjil,11,bahasa_inggris,33,63,recourse
ganjil,11,bahasa_inggris,45,66,recourse
ganjil,11,bahasa_inggris,16,57,recourse
ganjil,11,bahasa_inggris,26,39,recourse
ganjil,11,bahasa_inggris,21,19,recourse
ganjil,11,bahasa_inggris,21,68,recourse
ganjil,11,bahasa_inggris,34,34,recourse
ganjil,11,bahasa_inggris,22,7,recourse
ganjil,11,bahasa_inggris,91,63,recourse
ganjil,11,bahasa_inggris,78,51,recourse
ganjil,11,bahasa_inggris,61,66,recourse
ganjil,11,bahasa_inggris,82,71,recourse
ganjil,11,bahasa_inggris,7,40,recourse
ganjil,11,bahasa_inggris,52,58,recourse
ganjil,11,bahasa_inggris,92,81,lulus
ganjil,11,bahasa_inggris,27,52,recourse
ganjil,11,bahasa_inggris,34,43,recourse
ganjil,11,bahasa_inggris,42,28,recourse
ganjil,11,bahasa_inggris,79,79,recourse
ganjil,11,bahasa_inggris,31,47,recourse
ganjil,11,bahasa_inggris,67,69,recourse
ganjil,11,bahasa_inggris,40,44,recourse
ganjil,11,bahasa_inggris,34,41,recourse
ganjil,11,bahasa_inggris,63,76,recourse
ganjil,11,bahasa_inggris,39,66,recourse
ganjil,11,bahasa_inggris,85,73,recourse
ganjil,11,bahasa_inggris,73,52,recourse
ganjil,11,bahasa_inggris,74,56,recourse
ganjil,11,biologi,92,89,lulus
ganjil,11,biologi,94,90,lulus
ganjil,11,biologi,99,70,lulus
ganjil,11,biologi,76,77,lulus
ganjil,11,biologi,93,77,lulus
ganjil,11,biologi,47,40,recourse
ganjil,11,biologi,65,58,recourse
ganjil,11,biologi,99,76,lulus
ganjil,11,biologi,51,74,recourse
ganjil,11,biologi,86,64,lulus
ganjil,11,biologi,95,85,lulus
ganjil,11,biologi,80,87,lulus
ganjil,11,biologi,74,97,lulus
ganjil,11,biologi,90,85,lulus
ganjil,11,biologi,59,67,recourse
ganjil,11,biologi,91,85,lulus
ganjil,11,biologi,79,70,lulus
ganjil,11,biologi,96,85,lulus
ganjil,11,biologi,88,92,lulus
ganjil,11,biologi,90,85,lulus
ganjil,11,biologi,96,96,lulus
ganjil,11,biologi,98,92,lulus
ganjil,11,biologi,96,91,lulus
ganjil,11,biologi,80,90,lulus
ganjil,11,biologi,80,92,lulus
ganjil,11,biologi,92,91,lulus
ganjil,11,biologi,74,78,lulus
ganjil,11,biologi,88,93,lulus
ganjil,11,biologi,74,85,lulus
ganjil,11,biologi,76,78,lulus
ganjil,11,biologi,85,63,lulus
ganjil,11,biologi,90,90,lulus
ganjil,11,biologi,93,93,lulus
ganjil,11,biologi,80,94,lulus
ganjil,11,biologi,70,95,lulus
ganjil,11,biologi,80,69,lulus
ganjil,11,biologi,96,94,lulus
ganjil,11,fisika,96,80,lulus
ganjil,11,fisika,96,77,lulus
ganjil,11,fisika,87,60,lulus
ganjil,11,fisika,96,68,lulus
ganjil,11,fisika,93,66,lulus
ganjil,11,fisika,21,0,recourse
ganjil,11,fisika,85,60,recourse
ganjil,11,fisika,96,82,lulus
ganjil,11,fisika,67,51,recourse
ganjil,11,fisika,42,51,recourse
ganjil,11,fisika,89,89,lulus
ganjil,11,fisika,93,67,lulus
ganjil,11,fisika,77,77,lulus
ganjil,11,fisika,95,82,lulus
ganjil,11,fisika,46,41,recourse
ganjil,11,fisika,89,78,lulus
ganjil,11,fisika,85,62,lulus
ganjil,11,fisika,97,73,lulus
ganjil,11,fisika,87,83,lulus
ganjil,11,fisika,92,54,lulus
ganjil,11,fisika,96,79,lulus
ganjil,11,fisika,93,81,lulus
ganjil,11,fisika,94,81,lulus
ganjil,11,fisika,87,79,lulus
ganjil,11,fisika,87,81,lulus
ganjil,11,fisika,95,73,lulus
ganjil,11,fisika,16,62,recourse
ganjil,11,fisika,91,81,lulus
ganjil,11,fisika,21,69,recourse
ganjil,11,fisika,60,64,recourse
ganjil,11,fisika,84,62,recourse
ganjil,11,fisika,97,88,lulus
ganjil,11,fisika,89,90,lulus
ganjil,11,fisika,79,90,lulus
ganjil,11,fisika,88,81,lulus
ganjil,11,fisika,63,61,recourse
ganjil,11,fisika,94,75,lulus
ganjil,11,kimia,100,74,lulus
ganjil,11,kimia,98,77,lulus
ganjil,11,kimia,100,56,lulus
ganjil,11,kimia,68,60,lulus
ganjil,11,kimia,99,86,lulus
ganjil,11,kimia,25,0,recourse
ganjil,11,kimia,66,51,recourse
ganjil,11,kimia,100,88,lulus
ganjil,11,kimia,48,30,recourse
ganjil,11,kimia,71,48,recourse
ganjil,11,kimia,100,89,lulus
ganjil,11,kimia,83,55,lulus
ganjil,11,kimia,68,64,recourse
ganjil,11,kimia,105,89,lulus
ganjil,11,kimia,66,25,recourse
ganjil,11,kimia,100,90,lulus
ganjil,11,kimia,77,66,lulus
ganjil,11,kimia,100,74,lulus
ganjil,11,kimia,79,97,lulus
ganjil,11,kimia,93,55,lulus
ganjil,11,kimia,91,89,lulus
ganjil,11,kimia,100,91,lulus
ganjil,11,kimia,93,89,lulus
ganjil,11,kimia,74,87,lulus
ganjil,11,kimia,79,94,lulus
ganjil,11,kimia,100,92,lulus
ganjil,11,kimia,61,44,recourse
ganjil,11,kimia,91,90,lulus
ganjil,11,kimia,28,89,recourse
ganjil,11,kimia,72,77,lulus
ganjil,11,kimia,60,40,recourse
ganjil,11,kimia,97,97,lulus
ganjil,11,kimia,89,87,lulus
ganjil,11,kimia,81,89,lulus
ganjil,11,kimia,84,84,lulus
ganjil,11,kimia,75,45,lulus
ganjil,11,kimia,92,85,lulus
ganjil,11,geografi,21,63,recourse
ganjil,11,geografi,90,86,lulus
ganjil,11,geografi,47,69,recourse
ganjil,11,geografi,88,78,lulus
ganjil,11,geografi,73,86,lulus
ganjil,11,geografi,88,79,lulus
ganjil,11,geografi,61,72,recourse
ganjil,11,geografi,82,73,lulus
ganjil,11,geografi,52,73,recourse
ganjil,11,geografi,55,64,recourse
ganjil,11,geografi,49,66,recourse
ganjil,11,geografi,46,65,recourse
ganjil,11,geografi,58,50,recourse
ganjil,11,geografi,50,46,recourse
ganjil,11,geografi,93,81,lulus
ganjil,11,geografi,85,68,lulus
ganjil,11,geografi,85,78,lulus
ganjil,11,geografi,90,71,lulus
ganjil,11,geografi,56,23,recourse
ganjil,11,geografi,83,78,lulus
ganjil,11,geografi,90,83,lulus
ganjil,11,geografi,51,72,recourse
ganjil,11,geografi,55,58,recourse
ganjil,11,geografi,49,34,recourse
ganjil,11,geografi,90,79,lulus
ganjil,11,geografi,47,73,recourse
ganjil,11,geografi,84,70,lulus
ganjil,11,geografi,50,60,recourse
ganjil,11,geografi,61,64,recourse
ganjil,11,geografi,89,75,lulus
ganjil,11,geografi,79,77,lulus
ganjil,11,geografi,89,74,lulus
ganjil,11,geografi,80,75,lulus
ganjil,11,geografi,86,68,lulus
ganjil,11,ekonomi,0,42,recourse
ganjil,11,ekonomi,95,80,lulus
ganjil,11,ekonomi,37,54,recourse
ganjil,11,ekonomi,70,70,recourse
ganjil,11,ekonomi,20,68,recourse
ganjil,11,ekonomi,42,60,recourse
ganjil,11,ekonomi,15,66,recourse
ganjil,11,ekonomi,31,60,recourse
ganjil,11,ekonomi,9,22,recourse
ganjil,11,ekonomi,37,45,recourse
ganjil,11,ekonomi,26,42,recourse
ganjil,11,ekonomi,20,52,recourse
ganjil,11,ekonomi,20,52,recourse
ganjil,11,ekonomi,22,43,recourse
ganjil,11,ekonomi,93,66,lulus
ganjil,11,ekonomi,49,46,recourse
ganjil,11,ekonomi,82,72,lulus
ganjil,11,ekonomi,88,57,lulus
ganjil,11,ekonomi,0,4,recourse
ganjil,11,ekonomi,43,72,recourse
ganjil,11,ekonomi,96,85,lulus
ganjil,11,ekonomi,24,58,recourse
ganjil,11,ekonomi,22,46,recourse
ganjil,11,ekonomi,21,22,recourse
ganjil,11,ekonomi,89,66,lulus
ganjil,11,ekonomi,4,51,recourse
ganjil,11,ekonomi,84,70,lulus
ganjil,11,ekonomi,19,54,recourse
ganjil,11,ekonomi,41,54,recourse
ganjil,11,ekonomi,87,67,lulus
ganjil,11,ekonomi,51,70,recourse
ganjil,11,ekonomi,91,69,lulus
ganjil,11,ekonomi,43,51,recourse
ganjil,11,ekonomi,84,66,lulus
ganjil,11,sosiologi,78,79,lulus
ganjil,11,sosiologi,90,85,lulus
ganjil,11,sosiologi,78,81,lulus
ganjil,11,sosiologi,81,92,lulus
ganjil,11,sosiologi,81,86,lulus
ganjil,11,sosiologi,80,94,lulus
ganjil,11,sosiologi,84,85,lulus
ganjil,11,sosiologi,78,90,lulus
ganjil,11,sosiologi,78,88,lulus
ganjil,11,sosiologi,78,85,lulus
ganjil,11,sosiologi,78,79,lulus
ganjil,11,sosiologi,78,79,lulus
ganjil,11,sosiologi,84,83,lulus
ganjil,11,sosiologi,78,80,lulus
ganjil,11,sosiologi,90,93,lulus
ganjil,11,sosiologi,83,87,lulus
ganjil,11,sosiologi,87,89,lulus
ganjil,11,sosiologi,89,90,lulus
ganjil,11,sosiologi,78,80,lulus
ganjil,11,sosiologi,89,93,lulus
ganjil,11,sosiologi,87,94,lulus
ganjil,11,sosiologi,78,92,lulus
ganjil,11,sosiologi,79,89,lulus
ganjil,11,sosiologi,78,84,lulus
ganjil,11,sosiologi,88,95,lulus
ganjil,11,sosiologi,78,89,lulus
ganjil,11,sosiologi,89,90,lulus
ganjil,11,sosiologi,80,89,lulus
ganjil,11,sosiologi,78,90,lulus
ganjil,11,sosiologi,89,94,lulus
ganjil,11,sosiologi,81,91,lulus
ganjil,11,sosiologi,89,89,lulus
ganjil,11,sosiologi,83,92,lulus
ganjil,11,sosiologi,88,92,lulus
genap,10,pai,95,83,lulus
genap,10,pai,97,89,lulus
genap,10,pai,80,80,recourse
genap,10,pai,70,76,lulus
genap,10,pai,92,82,lulus
genap,10,pai,81,78,recourse
genap,10,pai,78,63,recourse
genap,10,pai,80,79,lulus
genap,10,pai,78,82,recourse
genap,10,pai,83,79,lulus
genap,10,pai,90,78,lulus
genap,10,pai,90,80,lulus
genap,10,pai,90,84,lulus
genap,10,pai,87,82,lulus
genap,10,pai,88,77,lulus
genap,10,pai,93,83,lulus
genap,10,pai,80,77,lulus
genap,10,pai,100,82,lulus
genap,10,pai,82,83,lulus
genap,10,pai,77,80,lulus
genap,10,pai,93,90,lulus
genap,10,pai,86,84,lulus
genap,10,pai,93,84,lulus
genap,10,pai,88,82,lulus
genap,10,pai,98,89,lulus
genap,10,pai,95,84,lulus
genap,10,pai,95,83,lulus
genap,10,pai,85,87,lulus
genap,10,pai,90,60,lulus
genap,10,pai,91,83,lulus
genap,10,pai,100,89,lulus
genap,10,pai,100,91,lulus
genap,10,pai,96,83,lulus
genap,10,pai,97,87,lulus
genap,10,pai,78,76,recourse
genap,10,pai,98,80,lulus
genap,10,pai,90,88,lulus
genap,10,pai,90,84,lulus
genap,10,pai,75,79,recourse
genap,10,pai,95,81,lulus
genap,10,pai,95,86,lulus
genap,10,pai,100,90,lulus
genap,10,pai,100,89,lulus
genap,10,pai,88,80,lulus
genap,10,pai,78,84,lulus
genap,10,pai,96,64,lulus
genap,10,pai,95,85,lulus
genap,10,pai,92,79,lulus
genap,10,pai,94,89,lulus
genap,10,pai,88,82,lulus
genap,10,pai,100,88,lulus
genap,10,pai,94,83,lulus
genap,10,pai,100,90,lulus
genap,10,pai,90,84,lulus
genap,10,pai,100,93,lulus
genap,10,pai,100,91,lulus
genap,10,pai,100,82,lulus
genap,10,pai,90,78,lulus
genap,10,pai,87,83,lulus
genap,10,pai,82,75,lulus
genap,10,pai,80,82,lulus
genap,10,pai,60,82,recourse
genap,10,pai,90,87,lulus
genap,10,pai,100,91,lulus
genap,10,pai,90,82,lulus
genap,10,pai,80,61,lulus
genap,10,pai,82,70,recourse
genap,10,pai,85,82,lulus
genap,10,pai,84,80,lulus
genap,10,pai,100,83,lulus
genap,10,pai,100,84,lulus
genap,10,pai,85,80,lulus
genap,10,pai,100,88,lulus
genap,10,pai,90,83,lulus
genap,10,pai,90,77,lulus
genap,10,pai,90,85,lulus
genap,10,pai,70,76,lulus
genap,10,pai,90,87,lulus
genap,10,pai,96,83,lulus
genap,10,pai,85,88,lulus
genap,10,pai,85,87,recourse
genap,10,pai,100,88,lulus
genap,10,pai,90,78,recourse
genap,10,pai,75,75,lulus
genap,10,bahasa,95,84,lulus
genap,10,bahasa,98,92,lulus
genap,10,bahasa,83,79,recourse
genap,10,bahasa,54,74,recourse
genap,10,bahasa,100,84,lulus
genap,10,bahasa,57,68,recourse
genap,10,bahasa,83,71,recourse
genap,10,bahasa,100,80,lulus
genap,10,bahasa,80,82,recourse
genap,10,bahasa,83,75,lulus
genap,10,bahasa,100,85,lulus
genap,10,bahasa,100,88,lulus
genap,10,bahasa,100,92,lulus
genap,10,bahasa,100,84,lulus
genap,10,bahasa,90,80,lulus
genap,10,bahasa,95,93,lulus
genap,10,bahasa,98,81,lulus
genap,10,bahasa,98,70,lulus
genap,10,bahasa,65,71,recourse
genap,10,bahasa,65,40,recourse
genap,10,bahasa,97,92,lulus
genap,10,bahasa,97,78,lulus
genap,10,bahasa,100,84,lulus
genap,10,bahasa,97,80,lulus
genap,10,bahasa,97,96,lulus
genap,10,bahasa,94,87,lulus
genap,10,bahasa,94,94,lulus
genap,10,bahasa,100,90,lulus
genap,10,bahasa,100,89,lulus
genap,10,bahasa,100,90,lulus
genap,10,bahasa,100,94,lulus
genap,10,bahasa,97,91,lulus
genap,10,bahasa,97,87,lulus
genap,10,bahasa,97,92,lulus
genap,10,bahasa,47,79,recourse
genap,10,bahasa,95,90,lulus
genap,10,bahasa,100,90,lulus
genap,10,bahasa,100,84,lulus
genap,10,bahasa,59,60,recourse
genap,10,bahasa,89,86,lulus
genap,10,bahasa,98,92,lulus
genap,10,bahasa,87,88,lulus
genap,10,bahasa,100,81,lulus
genap,10,bahasa,100,89,lulus
genap,10,bahasa,95,78,lulus
genap,10,bahasa,97,87,lulus
genap,10,bahasa,100,89,lulus
genap,10,bahasa,95,84,lulus
genap,10,bahasa,97,90,lulus
genap,10,bahasa,83,76,recourse
genap,10,bahasa,100,95,lulus
genap,10,bahasa,81,94,recourse
genap,10,bahasa,100,96,lulus
genap,10,bahasa,94,91,lulus
genap,10,bahasa,97,97,lulus
genap,10,bahasa,100,93,lulus
genap,10,bahasa,97,78,lulus
genap,10,bahasa,100,80,lulus
genap,10,bahasa,100,85,lulus
genap,10,bahasa,84,63,recourse
genap,10,bahasa,100,80,recourse
genap,10,bahasa,9,43,recourse
genap,10,bahasa,100,89,lulus
genap,10,bahasa,100,83,lulus
genap,10,bahasa,53,63,recourse
genap,10,bahasa,100,76,recourse
genap,10,bahasa,75,86,lulus
genap,10,bahasa,50,70,recourse
genap,10,bahasa,95,85,lulus
genap,10,bahasa,75,71,lulus
genap,10,bahasa,98,89,lulus
genap,10,bahasa,100,94,lulus
genap,10,bahasa,77,85,lulus
genap,10,bahasa,100,94,lulus
genap,10,bahasa,98,85,lulus
genap,10,bahasa,98,92,lulus
genap,10,bahasa,50,85,recourse
genap,10,bahasa,100,64,recourse
genap,10,bahasa,93,87,lulus
genap,10,bahasa,100,83,recourse
genap,10,bahasa,100,83,lulus
genap,10,bahasa,100,76,recourse
genap,10,bahasa,100,91,lulus
genap,10,bahasa,96,74,lulus
genap,10,bahasa,96,64,lulus
genap,10,math,78,38,lulus
genap,10,math,100,90,lulus
genap,10,math,100,52,lulus
genap,10,math,44,36,recourse
genap,10,math,94,72,lulus
genap,10,math,61,50,recourse
genap,10,math,89,23,lulus
genap,10,math,100,68,lulus
genap,10,math,61,50,lulus
genap,10,math,83,55,recourse
genap,10,math,94,55,lulus
genap,10,math,100,87,lulus
genap,10,math,94,59,lulus
genap,10,math,100,44,lulus
genap,10,math,67,32,recourse
genap,10,math,72,87,lulus
genap,10,math,83,47,lulus
genap,10,math,100,47,lulus
genap,10,math,94,59,lulus
genap,10,math,50,27,recourse
genap,10,math,94,77,lulus
genap,10,math,83,61,lulus
genap,10,math,78,50,lulus
genap,10,math,72,71,lulus
genap,10,math,100,75,lulus
genap,10,math,100,81,lulus
genap,10,math,100,66,lulus
genap,10,math,92,72,lulus
genap,10,math,97,44,lulus
genap,10,math,100,97,lulus
genap,10,math,95,72,lulus
genap,10,math,100,75,lulus
genap,10,math,100,84,lulus
genap,10,math,92,70,lulus
genap,10,math,23,55,lulus
genap,10,math,100,75,lulus
genap,10,math,100,85,lulus
genap,10,math,77,80,lulus
genap,10,math,77,42,lulus
genap,10,math,85,75,lulus
genap,10,math,100,69,lulus
genap,10,math,100,56,lulus
genap,10,math,92,67,lulus
genap,10,math,100,75,lulus
genap,10,math,31,66,lulus
genap,10,math,97,90,lulus
genap,10,math,100,90,lulus
genap,10,math,100,67,lulus
genap,10,math,100,74,lulus
genap,10,math,92,92,lulus
genap,10,math,90,100,lulus
genap,10,math,59,35,lulus
genap,10,math,92,67,lulus
genap,10,math,100,92,lulus
genap,10,math,90,97,lulus
genap,10,math,100,65,lulus
genap,10,math,92,85,lulus
genap,10,math,100,31,lulus
genap,10,math,100,61,lulus
genap,10,math,33,15,recourse
genap,10,math,67,50,lulus
genap,10,math,100,77,lulus
genap,10,math,100,72,lulus
genap,10,math,80,75,lulus
genap,10,math,87,57,recourse
genap,10,math,77,46,lulus
genap,10,math,60,70,recourse
genap,10,math,93,66,lulus
genap,10,math,87,27,recourse
genap,10,sejarah_indonesia,73,87,lulus
genap,10,sejarah_indonesia,82,96,lulus
genap,10,sejarah_indonesia,82,86,lulus
genap,10,sejarah_indonesia,45,72,recourse
genap,10,sejarah_indonesia,73,79,lulus
genap,10,sejarah_indonesia,55,72,recourse
genap,10,sejarah_indonesia,73,80,lulus
genap,10,sejarah_indonesia,73,79,lulus
genap,10,sejarah_indonesia,55,80,recourse
genap,10,sejarah_indonesia,73,77,lulus
genap,10,sejarah_indonesia,91,81,lulus
genap,10,sejarah_indonesia,82,80,lulus
genap,10,sejarah_indonesia,91,88,lulus
genap,10,sejarah_indonesia,100,82,lulus
genap,10,sejarah_indonesia,73,83,lulus
genap,10,sejarah_indonesia,73,80,lulus
genap,10,sejarah_indonesia,91,77,lulus
genap,10,sejarah_indonesia,91,83,lulus
genap,10,sejarah_indonesia,55,80,lulus
genap,10,sejarah_indonesia,55,62,recourse
genap,10,sejarah_indonesia,73,96,lulus
genap,10,sejarah_indonesia,91,85,lulus
genap,10,sejarah_indonesia,82,80,lulus
genap,10,sejarah_indonesia,62,84,lulus
genap,10,sejarah_indonesia,85,94,lulus
genap,10,sejarah_indonesia,100,94,lulus
genap,10,sejarah_indonesia,100,91,lulus
genap,10,sejarah_indonesia,100,91,lulus
genap,10,sejarah_indonesia,85,77,lulus
genap,10,sejarah_indonesia,92,92,lulus
genap,10,sejarah_indonesia,92,92,lulus
genap,10,sejarah_indonesia,100,94,lulus
genap,10,sejarah_indonesia,85,88,lulus
genap,10,sejarah_indonesia,92,90,lulus
genap,10,sejarah_indonesia,62,77,recourse
genap,10,sejarah_indonesia,92,93,lulus
genap,10,sejarah_indonesia,92,92,lulus
genap,10,sejarah_indonesia,62,78,lulus
genap,10,sejarah_indonesia,54,79,recourse
genap,10,sejarah_indonesia,100,83,lulus
genap,10,sejarah_indonesia,92,92,lulus
genap,10,sejarah_indonesia,100,92,lulus
genap,10,sejarah_indonesia,100,84,lulus
genap,10,sejarah_indonesia,100,78,lulus
genap,10,sejarah_indonesia,69,79,lulus
genap,10,sejarah_indonesia,85,85,lulus
genap,10,sejarah_indonesia,92,93,lulus
genap,10,sejarah_indonesia,100,89,lulus
genap,10,sejarah_indonesia,92,78,lulus
genap,10,sejarah_indonesia,92,76,lulus
genap,10,sejarah_indonesia,85,89,lulus
genap,10,sejarah_indonesia,85,87,lulus
genap,10,sejarah_indonesia,92,91,lulus
genap,10,sejarah_indonesia,100,86,lulus
genap,10,sejarah_indonesia,100,94,lulus
genap,10,sejarah_indonesia,100,88,lulus
genap,10,sejarah_indonesia,77,76,lulus
genap,10,sejarah_indonesia,100,77,lulus
genap,10,sejarah_indonesia,80,82,lulus
genap,10,sejarah_indonesia,80,77,lulus
genap,10,sejarah_indonesia,100,77,lulus
genap,10,sejarah_indonesia,10,36,recourse
genap,10,sejarah_indonesia,100,93,lulus
genap,10,sejarah_indonesia,100,97,lulus
genap,10,sejarah_indonesia,90,69,lulus
genap,10,sejarah_indonesia,90,82,lulus
genap,10,sejarah_indonesia,80,80,lulus
genap,10,sejarah_indonesia,60,80,recourse
genap,10,sejarah_indonesia,80,80,lulus
genap,10,sejarah_indonesia,90,78,lulus
genap,10,sejarah_indonesia,85,80,lulus
genap,10,sejarah_indonesia,92,87,lulus
genap,10,sejarah_indonesia,69,78,lulus
genap,10,sejarah_indonesia,92,95,lulus
genap,10,sejarah_indonesia,92,80,lulus
genap,10,sejarah_indonesia,77,80,lulus
genap,10,sejarah_indonesia,69,78,lulus
genap,10,sejarah_indonesia,23,57,recourse
genap,10,sejarah_indonesia,85,78,lulus
genap,10,sejarah_indonesia,69,82,lulus
genap,10,sejarah_indonesia,92,90,lulus
genap,10,sejarah_indonesia,100,85,recourse
genap,10,sejarah_indonesia,100,86,lulus
genap,10,sejarah_indonesia,85,77,lulus
genap,10,sejarah_indonesia,69,77,lulus
genap,10,bahasa_inggris,46,49,recourse
genap,10,bahasa_inggris,100,85,lulus
genap,10,bahasa_inggris,50,80,recourse
genap,10,bahasa_inggris,62,42,recourse
genap,10,bahasa_inggris,62,84,lulus
genap,10,bahasa_inggris,23,42,recourse
genap,10,bahasa_inggris,46,63,recourse
genap,10,bahasa_inggris,77,49,recourse
genap,10,bahasa_inggris,70,65,recourse
genap,10,bahasa_inggris,77,46,recourse
genap,10,bahasa_inggris,100,63,recourse
genap,10,bahasa_inggris,100,85,lulus
genap,10,bahasa_inggris,92,78,lulus
genap,10,bahasa_inggris,100,68,lulus
genap,10,bahasa_inggris,90,45,recourse
genap,10,bahasa_inggris,95,56,lulus
genap,10,bahasa_inggris,85,52,recourse
genap,10,bahasa_inggris,85,67,lulus
genap,10,bahasa_inggris,69,47,recourse
genap,10,bahasa_inggris,46,36,recourse
genap,10,bahasa_inggris,100,83,lulus
genap,10,bahasa_inggris,100,41,recourse
genap,10,bahasa_inggris,100,62,lulus
genap,10,bahasa_inggris,62,68,recourse
genap,10,bahasa_inggris,92,84,lulus
genap,10,bahasa_inggris,92,78,lulus
genap,10,bahasa_inggris,100,69,lulus
genap,10,bahasa_inggris,92,60,recourse
genap,10,bahasa_inggris,85,80,lulus
genap,10,bahasa_inggris,92,92,lulus
genap,10,bahasa_inggris,85,83,lulus
genap,10,bahasa_inggris,100,89,lulus
genap,10,bahasa_inggris,92,70,lulus
genap,10,bahasa_inggris,85,80,lulus
genap,10,bahasa_inggris,15,59,recourse
genap,10,bahasa_inggris,85,91,lulus
genap,10,bahasa_inggris,92,65,lulus
genap,10,bahasa_inggris,62,88,lulus
genap,10,bahasa_inggris,62,36,recourse
genap,10,bahasa_inggris,77,76,lulus
genap,10,bahasa_inggris,92,77,lulus
genap,10,bahasa_inggris,92,70,recourse
genap,10,bahasa_inggris,92,77,lulus
genap,10,bahasa_inggris,92,77,lulus
genap,10,bahasa_inggris,70,72,recourse
genap,10,bahasa_inggris,69,81,lulus
genap,10,bahasa_inggris,92,84,lulus
genap,10,bahasa_inggris,92,48,recourse
genap,10,bahasa_inggris,69,83,recourse
genap,10,bahasa_inggris,85,37,recourse
genap,10,bahasa_inggris,92,90,lulus
genap,10,bahasa_inggris,80,73,recourse
genap,10,bahasa_inggris,100,62,lulus
genap,10,bahasa_inggris,100,85,lulus
genap,10,bahasa_inggris,100,88,lulus
genap,10,bahasa_inggris,100,78,lulus
genap,10,bahasa_inggris,92,69,lulus
genap,10,bahasa_inggris,100,64,lulus
genap,10,bahasa_inggris,90,83,lulus
genap,10,bahasa_inggris,100,11,recourse
genap,10,bahasa_inggris,88,78,lulus
genap,10,bahasa_inggris,0,22,recourse
genap,10,bahasa_inggris,100,89,lulus
genap,10,bahasa_inggris,100,91,lulus
genap,10,bahasa_inggris,100,62,lulus
genap,10,bahasa_inggris,80,62,recourse
genap,10,bahasa_inggris,100,59,lulus
genap,10,bahasa_inggris,72,50,recourse
genap,10,bahasa_inggris,100,55,lulus
genap,10,bahasa_inggris,85,31,recourse
genap,10,bahasa_inggris,85,85,lulus
genap,10,bahasa_inggris,100,82,lulus
genap,10,bahasa_inggris,100,63,lulus
genap,10,bahasa_inggris,100,92,lulus
genap,10,bahasa_inggris,69,78,lulus
genap,10,bahasa_inggris,92,84,lulus
genap,10,bahasa_inggris,85,64,recourse
genap,10,bahasa_inggris,60,20,recourse
genap,10,bahasa_inggris,100,68,lulus
genap,10,bahasa_inggris,92,75,recourse
genap,10,bahasa_inggris,100,79,lulus
genap,10,bahasa_inggris,85,72,recourse
genap,10,bahasa_inggris,100,53,lulus
genap,10,bahasa_inggris,100,44,recourse
genap,10,bahasa_inggris,31,27,recourse
genap,10,tik,40,86,lulus
genap,10,tik,75,93,lulus
genap,10,tik,75,87,lulus
genap,10,tik,42,83,lulus
genap,10,tik,75,90,lulus
genap,10,tik,75,76,lulus
genap,10,tik,40,83,lulus
genap,10,tik,70,91,lulus
genap,10,tik,75,83,lulus
genap,10,tik,75,22,recourse
genap,10,tik,50,83,lulus
genap,10,tik,100,98,lulus
genap,10,tik,100,93,lulus
genap,10,tik,100,90,lulus
genap,10,tik,42,84,lulus
genap,10,tik,100,91,lulus
genap,10,tik,80,80,lulus
genap,10,tik,75,79,lulus
genap,10,tik,75,80,lulus
genap,10,tik,40,51,recourse
genap,10,tik,70,91,lulus
genap,10,tik,40,93,lulus
genap,10,tik,75,81,lulus
genap,10,tik,33,82,lulus
genap,10,tik,100,50,recourse
genap,10,tik,50,89,lulus
genap,10,tik,50,73,recourse
genap,10,tik,50,83,lulus
genap,10,tik,100,84,lulus
genap,10,tik,100,91,lulus
genap,10,tik,50,90,lulus
genap,10,tik,100,98,lulus
genap,10,tik,100,81,lulus
genap,10,tik,50,93,lulus
genap,10,tik,33,79,lulus
genap,10,tik,100,88,lulus
genap,10,tik,50,68,recourse
genap,10,tik,100,82,lulus
genap,10,tik,0,48,recourse
genap,10,tik,50,81,lulus
genap,10,tik,100,82,lulus
genap,10,tik,100,93,lulus
genap,10,tik,50,85,lulus
genap,10,tik,100,45,recourse
genap,10,tik,50,77,lulus
genap,10,tik,100,93,lulus
genap,10,tik,100,50,recourse
genap,10,tik,50,84,lulus
genap,10,tik,100,96,lulus
genap,10,tik,100,72,recourse
genap,10,tik,100,93,lulus
genap,10,tik,50,96,lulus
genap,10,tik,100,87,lulus
genap,10,tik,100,89,lulus
genap,10,tik,100,89,lulus
genap,10,tik,100,89,lulus
genap,10,tik,100,77,lulus
genap,10,tik,67,76,lulus
genap,10,tik,90,93,lulus
genap,10,tik,67,69,recourse
genap,10,tik,33,87,lulus
genap,10,tik,33,64,recourse
genap,10,tik,67,94,lulus
genap,10,tik,80,96,lulus
genap,10,tik,100,72,recourse
genap,10,tik,100,82,lulus
genap,10,tik,67,88,lulus
genap,10,tik,33,84,lulus
genap,10,tik,33,84,lulus
genap,10,tik,67,38,recourse
genap,10,tik,67,66,recourse
genap,10,tik,67,84,lulus
genap,10,tik,33,84,lulus
genap,10,tik,100,94,lulus
genap,10,tik,100,92,lulus
genap,10,tik,100,89,lulus
genap,10,tik,100,78,lulus
genap,10,tik,33,48,recourse
genap,10,tik,100,50,recourse
genap,10,tik,33,76,lulus
genap,10,tik,67,77,lulus
genap,10,tik,67,78,lulus
genap,10,tik,67,69,recourse
genap,10,tik,67,71,recourse
genap,10,tik,40,56,recourse
genap,10,chemistry,79,62,recourse
genap,10,chemistry,93,91,lulus
genap,10,chemistry,93,71,recourse
genap,10,chemistry,79,53,recourse
genap,10,chemistry,93,87,lulus
genap,10,chemistry,50,47,recourse
genap,10,chemistry,79,50,recourse
genap,10,chemistry,93,68,recourse
genap,10,chemistry,43,54,recourse
genap,10,chemistry,79,50,recourse
genap,10,chemistry,93,59,recourse
genap,10,chemistry,100,73,lulus
genap,10,chemistry,100,83,lulus
genap,10,chemistry,93,63,lulus
genap,10,chemistry,86,32,recourse
genap,10,chemistry,89,68,recourse
genap,10,chemistry,79,42,recourse
genap,10,chemistry,71,47,recourse
genap,10,chemistry,50,71,recourse
genap,10,chemistry,43,35,recourse
genap,10,chemistry,93,80,lulus
genap,10,chemistry,71,74,recourse
genap,10,chemistry,86,52,recourse
genap,10,chemistry,86,66,recourse
genap,10,chemistry,100,89,lulus
genap,10,chemistry,100,67,lulus
genap,10,chemistry,100,67,lulus
genap,10,chemistry,93,70,lulus
genap,10,chemistry,100,56,lulus
genap,10,chemistry,100,95,lulus
genap,10,chemistry,100,89,lulus
genap,10,chemistry,100,81,lulus
genap,10,chemistry,100,64,lulus
genap,10,chemistry,100,80,lulus
genap,10,chemistry,36,45,recourse
genap,10,chemistry,93,85,lulus
genap,10,chemistry,100,65,recourse
genap,10,chemistry,100,52,recourse
genap,10,chemistry,50,40,recourse
genap,10,chemistry,100,72,lulus
genap,10,chemistry,100,74,lulus
genap,10,chemistry,100,78,lulus
genap,10,chemistry,100,70,lulus
genap,10,chemistry,100,58,recourse
genap,10,chemistry,71,50,recourse
genap,10,chemistry,93,74,lulus
genap,10,chemistry,100,80,lulus
genap,10,chemistry,100,75,recourse
genap,10,chemistry,100,72,lulus
genap,10,chemistry,86,57,recourse
genap,10,chemistry,100,86,lulus
genap,10,chemistry,93,84,recourse
genap,10,chemistry,93,85,lulus
genap,10,chemistry,100,74,lulus
genap,10,chemistry,100,91,lulus
genap,10,chemistry,100,69,lulus
genap,10,chemistry,100,64,recourse
genap,11,pai,91,92,lulus
genap,11,pai,89,88,lulus
genap,11,pai,83,88,lulus
genap,11,pai,83,99,lulus
genap,11,pai,100,92,lulus
genap,11,pai,22,81,recourse
genap,11,pai,11,81,recourse
genap,11,pai,78,87,lulus
genap,11,pai,80,75,lulus
genap,11,pai,100,88,lulus
genap,11,pai,56,96,lulus
genap,11,pai,80,82,lulus
genap,11,pai,90,98,lulus
genap,11,pai,70,75,recourse
genap,11,pai,80,92,lulus
genap,11,pai,60,76,recourse
genap,11,pai,100,90,lulus
genap,11,pai,89,92,lulus
genap,11,pai,100,94,lulus
genap,11,pai,67,95,lulus
genap,11,pai,100,94,lulus
genap,11,pai,100,84,lulus
genap,11,pai,78,88,lulus
genap,11,pai,78,98,lulus
genap,11,pai,89,98,lulus
genap,11,pai,70,81,lulus
genap,11,pai,100,90,lulus
genap,11,pai,40,99,lulus
genap,11,pai,40,91,lulus
genap,11,pai,90,90,lulus
genap,11,pai,100,100,lulus
genap,11,pai,90,90,lulus
genap,11,pai,89,92,lulus
genap,11,pai,50,76,recourse
genap,11,pai,100,87,lulus
genap,11,pai,0,56,recourse
genap,11,pai,100,90,lulus
genap,11,pai,20,57,recourse
genap,11,pai,100,91,lulus
genap,11,pai,100,84,lulus
genap,11,pai,90,78,lulus
genap,11,pai,87,74,lulus
genap,11,pai,76,71,lulus
genap,11,pai,84,76,lulus
genap,11,pai,68,79,lulus
genap,11,pai,87,81,lulus
genap,11,pai,80,80,lulus
genap,11,pai,67,68,recourse
genap,11,pai,80,74,lulus
genap,11,pai,100,81,lulus
genap,11,pai,80,83,recourse
genap,11,pai,80,77,recourse
genap,11,pai,80,81,lulus
genap,11,pai,20,45,recourse
genap,11,pai,93,83,lulus
genap,11,pai,100,90,lulus
genap,11,pai,84,79,recourse
genap,11,pai,78,80,recourse
genap,11,pai,88,78,lulus
genap,11,pai,88,81,lulus
genap,11,pai,83,67,lulus
genap,11,pai,90,80,lulus
genap,11,pai,90,75,lulus
genap,11,pai,80,74,lulus
genap,11,pai,100,88,lulus
genap,11,pai,88,77,lulus
genap,11,pai,100,87,lulus
genap,11,pai,81,77,lulus
genap,11,pai,92,80,lulus
genap,11,bahasa,91,85,lulus
genap,11,bahasa,89,84,lulus
genap,11,bahasa,83,85,lulus
genap,11,bahasa,83,87,lulus
genap,11,bahasa,100,85,lulus
genap,11,bahasa,22,62,recourse
genap,11,bahasa,11,63,recourse
genap,11,bahasa,78,81,lulus
genap,11,bahasa,80,72,recourse
genap,11,bahasa,100,80,lulus
genap,11,bahasa,56,78,recourse
genap,11,bahasa,80,81,lulus
genap,11,bahasa,90,75,lulus
genap,11,bahasa,70,66,recourse
genap,11,bahasa,80,85,lulus
genap,11,bahasa,60,79,recourse
genap,11,bahasa,100,85,lulus
genap,11,bahasa,89,93,lulus
genap,11,bahasa,100,87,lulus
genap,11,bahasa,67,86,lulus
genap,11,bahasa,100,87,lulus
genap,11,bahasa,100,86,lulus
genap,11,bahasa,78,86,recourse
genap,11,bahasa,78,85,lulus
genap,11,bahasa,89,89,lulus
genap,11,bahasa,70,79,lulus
genap,11,bahasa,100,84,lulus
genap,11,bahasa,40,85,recourse
genap,11,bahasa,40,77,recourse
genap,11,bahasa,90,92,lulus
genap,11,bahasa,100,86,lulus
genap,11,bahasa,90,87,lulus
genap,11,bahasa,89,85,recourse
genap,11,bahasa,50,80,recourse
genap,11,bahasa,100,88,lulus
genap,11,bahasa,0,60,recourse
genap,11,bahasa,100,76,lulus
genap,11,bahasa,67,82,recourse
genap,11,bahasa,100,89,lulus
genap,11,bahasa,56,80,recourse
genap,11,bahasa,56,80,recourse
genap,11,bahasa,60,81,recourse
genap,11,bahasa,44,67,recourse
genap,11,bahasa,67,77,recourse
genap,11,bahasa,90,90,recourse
genap,11,bahasa,30,85,recourse
genap,11,bahasa,20,85,recourse
genap,11,bahasa,25,58,recourse
genap,11,bahasa,20,50,recourse
genap,11,bahasa,100,83,lulus
genap,11,bahasa,44,67,recourse
genap,11,bahasa,100,84,recourse
genap,11,bahasa,67,79,lulus
genap,11,bahasa,22,40,recourse
genap,11,bahasa,70,84,recourse
genap,11,bahasa,100,89,lulus
genap,11,bahasa,22,75,recourse
genap,11,bahasa,67,57,recourse
genap,11,bahasa,80,81,lulus
genap,11,bahasa,100,85,lulus
genap,11,bahasa,80,73,recourse
genap,11,bahasa,80,87,recourse
genap,11,bahasa,60,82,recourse
genap,11,bahasa,80,70,recourse
genap,11,bahasa,100,79,recourse
genap,11,bahasa,60,80,recourse
genap,11,bahasa,70,84,lulus
genap,11,bahasa,40,76,recourse
genap,11,bahasa,90,82,lulus
genap,11,math,100,91,lulus
genap,11,math,93,71,lulus
genap,11,math,100,76,lulus
genap,11,math,100,66,lulus
genap,11,math,100,88,lulus
genap,11,math,100,81,lulus
genap,11,math,50,35,recourse
genap,11,math,100,32,recourse
genap,11,math,100,89,lulus
genap,11,math,100,67,recourse
genap,11,math,100,86,lulus
genap,11,math,96,66,recourse
genap,11,math,100,98,lulus
genap,11,math,82,66,recourse
genap,11,math,100,81,lulus
genap,11,math,100,23,recourse
genap,11,math,100,89,lulus
genap,11,math,100,95,lulus
genap,11,math,100,66,lulus
genap,11,math,100,88,lulus
genap,11,math,100,87,lulus
genap,11,math,100,90,lulus
genap,11,math,100,92,lulus
genap,11,math,88,83,lulus
genap,11,math,100,83,lulus
genap,11,math,62,60,recourse
genap,11,math,100,82,lulus
genap,11,math,73,65,recourse
genap,11,math,58,70,recourse
genap,11,math,58,0,recourse
genap,11,math,100,88,lulus
genap,11,math,100,78,lulus
genap,11,math,100,92,lulus
genap,11,math,69,87,lulus
genap,11,math,100,77,lulus
genap,11,math,100,81,lulus
genap,11,math,31,28,recourse
genap,11,math,100,68,lulus
genap,11,math,92,36,recourse
genap,11,math,100,79,lulus
genap,11,math,100,56,recourse
genap,11,math,92,6,recourse
genap,11,math,88,66,recourse
genap,11,math,100,50,recourse
genap,11,math,100,41,recourse
genap,11,math,58,76,recourse
genap,11,math,35,81,recourse
genap,11,math,58,25,recourse
genap,11,math,46,26,recourse
genap,11,math,42,17,recourse
genap,11,math,100,76,lulus
genap,11,math,100,77,recourse
genap,11,math,100,20,recourse
genap,11,math,100,76,lulus
genap,11,math,0,17,recourse
genap,11,math,100,81,lulus
genap,11,math,100,88,lulus
genap,11,math,21,48,recourse
genap,11,math,86,28,recourse
genap,11,math,64,22,recourse
genap,11,math,100,81,lulus
genap,11,math,79,21,recourse
genap,11,math,100,81,lulus
genap,11,math,86,51,recourse
genap,11,math,86,24,recourse
genap,11,math,100,90,lulus
genap,11,math,100,77,lulus
genap,11,math,93,81,lulus
genap,11,math,100,18,recourse
genap,11,math,100,81,lulus
genap,11,sejarah_indonesia,100,81,lulus
genap,11,sejarah_indonesia,92,88,lulus
genap,11,sejarah_indonesia,92,78,lulus
genap,11,sejarah_indonesia,100,86,lulus
genap,11,sejarah_indonesia,83,89,lulus
genap,11,sejarah_indonesia,83,80,recourse
genap,11,sejarah_indonesia,42,71,recourse
genap,11,sejarah_indonesia,83,82,lulus
genap,11,sejarah_indonesia,0,0,recourse
genap,11,sejarah_indonesia,100,82,lulus
genap,11,sejarah_indonesia,58,83,lulus
genap,11,sejarah_indonesia,75,78,lulus
genap,11,sejarah_indonesia,75,83,lulus
genap,11,sejarah_indonesia,75,90,lulus
genap,11,sejarah_indonesia,58,80,lulus
genap,11,sejarah_indonesia,92,91,lulus
genap,11,sejarah_indonesia,58,78,recourse
genap,11,sejarah_indonesia,80,88,lulus
genap,11,sejarah_indonesia,90,89,lulus
genap,11,sejarah_indonesia,60,83,lulus
genap,11,sejarah_indonesia,60,83,lulus
genap,11,sejarah_indonesia,100,83,lulus
genap,11,sejarah_indonesia,80,83,lulus
genap,11,sejarah_indonesia,80,87,lulus
genap,11,sejarah_indonesia,60,84,lulus
genap,11,sejarah_indonesia,60,88,lulus
genap,11,sejarah_indonesia,60,79,lulus
genap,11,sejarah_indonesia,90,87,lulus
genap,11,sejarah_indonesia,60,79,lulus
genap,11,sejarah_indonesia,60,79,lulus
genap,11,sejarah_indonesia,60,85,lulus
genap,11,sejarah_indonesia,80,86,lulus
genap,11,sejarah_indonesia,50,87,lulus
genap,11,sejarah_indonesia,60,85,lulus
genap,11,sejarah_indonesia,80,78,lulus
genap,11,sejarah_indonesia,50,86,lulus
genap,11,sejarah_indonesia,60,79,lulus
genap,11,sejarah_indonesia,83,86,lulus
genap,11,sejarah_indonesia,67,79,lulus
genap,11,sejarah_indonesia,92,91,lulus
genap,11,sejarah_indonesia,67,91,lulus
genap,11,sejarah_indonesia,67,82,lulus
genap,11,sejarah_indonesia,67,79,lulus
genap,11,sejarah_indonesia,67,79,lulus
genap,11,sejarah_indonesia,67,81,lulus
genap,11,sejarah_indonesia,67,83,lulus
genap,11,sejarah_indonesia,67,82,lulus
genap,11,sejarah_indonesia,17,84,recourse
genap,11,sejarah_indonesia,25,63,recourse
genap,11,sejarah_indonesia,67,79,lulus
genap,11,sejarah_indonesia,92,85,lulus
genap,11,sejarah_indonesia,60,80,recourse
genap,11,sejarah_indonesia,70,78,lulus
genap,11,sejarah_indonesia,60,81,recourse
genap,11,sejarah_indonesia,20,62,recourse
genap,11,sejarah_indonesia,80,86,lulus
genap,11,sejarah_indonesia,70,83,lulus
genap,11,sejarah_indonesia,60,83,lulus
genap,11,sejarah_indonesia,60,79,lulus
genap,11,sejarah_indonesia,60,82,lulus
genap,11,sejarah_indonesia,60,81,recourse
genap,11,sejarah_indonesia,60,78,recourse
genap,11,sejarah_indonesia,80,81,lulus
genap,11,sejarah_indonesia,60,85,lulus
genap,11,sejarah_indonesia,10,72,recourse
genap,11,sejarah_indonesia,80,79,lulus
genap,11,sejarah_indonesia,70,79,lulus
genap,11,sejarah_indonesia,80,86,lulus
genap,11,sejarah_indonesia,70,78,lulus
genap,11,sejarah_indonesia,70,80,lulus
genap,11,bahasa_inggris,82,80,lulus
genap,11,bahasa_inggris,79,90,lulus
genap,11,bahasa_inggris,80,82,lulus
genap,11,bahasa_inggris,56,76,recourse
genap,11,bahasa_inggris,79,77,lulus
genap,11,bahasa_inggris,38,70,recourse
genap,11,bahasa_inggris,52,75,recourse
genap,11,bahasa_inggris,80,76,lulus
genap,11,bahasa_inggris,54,67,recourse
genap,11,bahasa_inggris,80,85,lulus
genap,11,bahasa_inggris,78,82,lulus
genap,11,bahasa_inggris,54,54,recourse
genap,11,bahasa_inggris,82,83,lulus
genap,11,bahasa_inggris,64,75,recourse
genap,11,bahasa_inggris,79,87,lulus
genap,11,bahasa_inggris,33,48,recourse
genap,11,bahasa_inggris,67,64,recourse
genap,11,bahasa_inggris,81,83,lulus
genap,11,bahasa_inggris,65,52,recourse
genap,11,bahasa_inggris,78,84,lulus
genap,11,bahasa_inggris,79,74,lulus
genap,11,bahasa_inggris,78,70,lulus
genap,11,bahasa_inggris,77,72,recourse
genap,11,bahasa_inggris,69,65,recourse
genap,11,bahasa_inggris,77,68,recourse
genap,11,bahasa_inggris,52,64,recourse
genap,11,bahasa_inggris,81,79,lulus
genap,11,bahasa_inggris,63,59,recourse
genap,11,bahasa_inggris,33,70,recourse
genap,11,bahasa_inggris,70,80,recourse
genap,11,bahasa_inggris,69,70,recourse
genap,11,bahasa_inggris,88,86,lulus
genap,11,bahasa_inggris,57,87,recourse
genap,11,bahasa_inggris,32,70,recourse
genap,11,bahasa_inggris,79,80,lulus
genap,11,bahasa_inggris,20,46,recourse
genap,11,bahasa_inggris,79,72,lulus
genap,11,bahasa_inggris,27,33,recourse
genap,11,bahasa_inggris,82,82,lulus
genap,11,bahasa_inggris,58,70,recourse
genap,11,bahasa_inggris,37,39,recourse
genap,11,bahasa_inggris,48,79,recourse
genap,11,bahasa_inggris,49,71,recourse
genap,11,bahasa_inggris,77,80,recourse
genap,11,bahasa_inggris,48,83,recourse
genap,11,bahasa_inggris,49,69,recourse
genap,11,bahasa_inggris,40,82,recourse
genap,11,bahasa_inggris,25,48,recourse
genap,11,bahasa_inggris,14,20,recourse
genap,11,bahasa_inggris,80,82,lulus
genap,11,bahasa_inggris,13,22,recourse
genap,11,bahasa_inggris,47,67,recourse
genap,11,bahasa_inggris,77,84,recourse
genap,11,bahasa_inggris,11,27,recourse
genap,11,bahasa_inggris,57,79,recourse
genap,11,bahasa_inggris,82,80,lulus
genap,11,bahasa_inggris,24,51,recourse
genap,11,bahasa_inggris,45,32,recourse
genap,11,bahasa_inggris,38,35,recourse
genap,11,bahasa_inggris,79,77,lulus
genap,11,bahasa_inggris,53,73,recourse
genap,11,bahasa_inggris,78,80,lulus
genap,11,bahasa_inggris,53,61,recourse
genap,11,bahasa_inggris,75,77,recourse
genap,11,bahasa_inggris,63,77,recourse
genap,11,bahasa_inggris,65,78,recourse
genap,11,bahasa_inggris,79,79,lulus
genap,11,bahasa_inggris,24,36,recourse
genap,11,bahasa_inggris,61,79,recourse
genap,11,biologi,100,81,lulus
genap,11,biologi,100,96,lulus
genap,11,biologi,100,83,lulus
genap,11,biologi,87,86,lulus
genap,11,biologi,100,86,lulus
genap,11,biologi,43,48,recourse
genap,11,biologi,93,74,recourse
genap,11,biologi,100,94,lulus
genap,11,biologi,87,57,lulus
genap,11,biologi,100,88,lulus
genap,11,biologi,87,88,lulus
genap,11,biologi,100,84,lulus
genap,11,biologi,100,92,lulus
genap,11,biologi,73,69,lulus
genap,11,biologi,100,87,lulus
genap,11,biologi,93,71,recourse
genap,11,biologi,93,84,lulus
genap,11,biologi,100,96,lulus
genap,11,biologi,87,73,lulus
genap,11,biologi,100,94,lulus
genap,11,biologi,100,82,lulus
genap,11,biologi,80,89,lulus
genap,11,biologi,80,85,lulus
genap,11,biologi,60,89,lulus
genap,11,biologi,100,89,lulus
genap,11,biologi,70,70,lulus
genap,11,biologi,100,91,lulus
genap,11,biologi,60,73,lulus
genap,11,biologi,80,77,lulus
genap,11,biologi,87,93,lulus
genap,11,biologi,100,89,lulus
genap,11,biologi,100,94,lulus
genap,11,biologi,60,94,lulus
genap,11,biologi,60,72,lulus
genap,11,biologi,100,88,lulus
genap,11,fisika,96,81,lulus
genap,11,fisika,97,79,lulus
genap,11,fisika,89,75,lulus
genap,11,fisika,95,67,lulus
genap,11,fisika,92,79,lulus
genap,11,fisika,34,67,recourse
genap,11,fisika,32,53,recourse
genap,11,fisika,98,80,lulus
genap,11,fisika,89,57,lulus
genap,11,fisika,93,81,lulus
genap,11,fisika,91,65,lulus
genap,11,fisika,89,79,lulus
genap,11,fisika,97,80,lulus
genap,11,fisika,74,75,lulus
genap,11,fisika,92,76,lulus
genap,11,fisika,51,50,recourse
genap,11,fisika,98,77,lulus
genap,11,fisika,97,81,lulus
genap,11,fisika,97,73,lulus
genap,11,fisika,98,81,lulus
genap,11,fisika,97,71,lulus
genap,11,fisika,98,77,lulus
genap,11,fisika,88,79,lulus
genap,11,fisika,85,78,lulus
genap,11,fisika,96,79,lulus
genap,11,fisika,25,70,recourse
genap,11,fisika,94,80,lulus
genap,11,fisika,40,70,recourse
genap,11,fisika,50,66,recourse
genap,11,fisika,97,83,lulus
genap,11,fisika,95,75,lulus
genap,11,fisika,97,82,lulus
genap,11,fisika,97,82,lulus
genap,11,fisika,81,64,lulus
genap,11,fisika,99,76,lulus
genap,11,geografi,29,30,recourse
genap,11,geografi,100,83,lulus
genap,11,geografi,82,74,recourse
genap,11,geografi,100,84,lulus
genap,11,geografi,76,84,lulus
genap,11,geografi,82,72,lulus
genap,11,geografi,76,79,lulus
genap,11,geografi,47,79,recourse
genap,11,geografi,71,73,recourse
genap,11,geografi,82,70,lulus
genap,11,geografi,76,83,recourse
genap,11,geografi,35,68,recourse
genap,11,geografi,53,34,recourse
genap,11,geografi,76,60,recourse
genap,11,geografi,94,86,lulus
genap,11,geografi,85,70,lulus
genap,11,geografi,75,87,lulus
genap,11,geografi,82,85,lulus
genap,11,geografi,25,13,recourse
genap,11,geografi,85,83,lulus
genap,11,geografi,85,89,lulus
genap,11,geografi,38,76,recourse
genap,11,geografi,50,62,recourse
genap,11,geografi,88,71,lulus
genap,11,geografi,100,82,lulus
genap,11,geografi,50,72,recourse
genap,11,geografi,82,77,lulus
genap,11,geografi,88,80,lulus
genap,11,geografi,50,61,recourse
genap,11,geografi,94,76,lulus
genap,11,geografi,75,88,lulus
genap,11,geografi,88,84,lulus
genap,11,geografi,44,62,recourse
genap,11,geografi,75,82,lulus
